기준연도,학교,"수업료
(B)","등록금
(D=B)",인문사회,자연과학,예체능,공학,의학
2026.0,가야대학교(김해) ,7446294.0,7446294.0,6478040.9,7740000.0,0.0,0.0,0.0
2026.0,가천대학교 ,9094425.6,9094425.6,7871353.6,9125927.5,9856019.0,9817461.9,10651428.6
2026.0,가톨릭관동대학교 ,7725838.9,7725838.9,6731562.9,8463848.6,8702722.6,8735187.5,11066000.0
2026.0,가톨릭꽃동네대학교 ,7468777.8,7468777.8,6618000.0,7796000.0,0.0,0.0,0.0
2026.0,가톨릭대학교 ,7725223.0,7725223.0,6619374.4,7955226.1,9254000.0,8797801.4,0.0
2026.0,가톨릭대학교 _제2캠퍼스,9999517.1,9999517.1,0.0,9146355.7,0.0,0.0,11160000.0
2026.0,가톨릭대학교 _제3캠퍼스,6630000.0,6630000.0,6630000.0,0.0,0.0,0.0,0.0
2026.0,감리교신학대학교 ,6941350.0,6941350.0,6941350.0,0.0,0.0,0.0,0.0
2026.0,강남대학교 ,8206173.1,8206173.1,7478673.2,0.0,9502764.5,9356010.5,0.0
2026.0,강서대학교 ,7933023.5,7933023.5,7288641.1,8980000.0,8855000.0,0.0,0.0
2026.0,강원대학교 ,4236211.1,4236211.1,3442287.8,4410889.6,4568860.0,4422610.9,8598989.9
2026.0,강원대학교 _제2캠퍼스,4191079.7,4191079.7,3529546.3,4197850.4,4568963.7,4329065.6,0.0
2026.0,강원대학교 _제3캠퍼스,4252250.3,4252250.3,3488000.0,4320540.7,5051417.0,4616000.0,7966000.0
2026.0,강원대학교 _제4캠퍼스,4259854.0,4259854.0,3488000.0,4298000.0,0.0,4616000.0,0.0
2026.0,건국대학교 ,8985986.4,8985986.4,7302582.0,8872626.9,9862270.0,9917198.4,11018000.0
2026.0,건국대학교(글로컬) _분교,8838628.7,8838628.7,7351752.0,8849870.5,9800738.8,9754018.1,12136000.0
2026.0,건양대학교 ,6810819.3,6810819.3,6251626.9,7486353.2,7064000.0,7606000.0,0.0
2026.0,건양대학교 _제2캠퍼스,7864692.8,7864692.8,6008000.0,7850721.0,0.0,7766260.4,10856000.0
2026.0,건양사이버대학교 ,2537763.9,2537763.9,2537763.9,0.0,0.0,0.0,0.0
2026.0,경기대학교 ,8028841.1,8028841.1,7003518.8,8275862.4,8673745.1,8905794.9,0.0
2026.0,경기대학교 _제2캠퍼스,7800638.0,7800638.0,7020600.8,0.0,9037942.9,7844961.5,0.0
2026.0,경남대학교 ,7060677.8,7060677.8,6151242.4,7193856.2,7932240.1,8071553.7,0.0
2026.0,경동대학교 ,6782000.0,6782000.0,6782000.0,0.0,0.0,0.0,0.0
2026.0,경동대학교 _제3캠퍼스,9054457.1,9054457.1,7040000.0,9094829.4,0.0,0.0,0.0
2026.0,경동대학교 _제4캠퍼스,8146586.1,8146586.1,7099233.7,8649304.3,9035881.2,8784000.0,0.0
2026.0,경북대학교 ,4524820.1,4524820.1,3546677.5,4591635.2,4673472.6,4619955.6,8074942.7
2026.0,경상국립대학교 ,4095673.4,4095673.4,3275063.3,4225712.9,4354389.0,4330000.0,8312888.9
2026.0,경성대학교 ,7561386.3,7561386.3,6383340.4,8352932.4,8411052.9,8462502.8,0.0
2026.0,경운대학교 ,8046670.2,8046670.2,6500891.1,8311760.5,8421423.5,8681348.7,0.0
2026.0,경인교육대학교 ,3493348.8,3493348.8,3493348.8,0.0,0.0,0.0,0.0
2026.0,경일대학교 ,7997556.5,7997556.5,6620764.0,8328693.1,8339879.4,8326034.8,0.0
2026.0,경희대학교 ,8699742.0,8699742.0,7065880.3,9352149.5,9196637.0,9301562.0,12238872.5
2026.0,경희사이버대학교 ,2931652.2,2931652.2,2931652.2,0.0,0.0,0.0,0.0
2026.0,계명대학교 ,8236598.9,8236598.9,6829564.7,9042564.2,9511969.0,9232499.4,11234000.0
2026.0,고려대학교 ,9091429.8,9091429.8,7827285.4,9421185.3,9699711.5,10501472.8,13412000.0
2026.0,고려대학교(세종) _분교,9214313.7,9214313.7,7754174.8,9655203.9,9130959.0,10519866.2,0.0
2026.0,고려사이버대학교 ,2647878.4,2647878.4,2647757.6,0.0,0.0,2648043.3,0.0
2026.0,고신대학교 ,7298932.0,7298932.0,6307605.4,7552108.8,7900370.4,0.0,10225000.0
2026.0,공주교육대학교 ,3600000.0,3600000.0,3600000.0,3600000.0,3600000.0,0.0,0.0
2026.0,광신대학교 ,6367853.5,6367853.5,6004984.4,0.0,7372000.0,0.0,0.0
2026.0,광운대학교 ,8595586.5,8595586.5,7403234.4,8124692.3,8134000.0,9239442.8,0.0
2026.0,광주가톨릭대학교 ,0.0,0.0,0.0,0.0,0.0,0.0,0.0
2026.0,광주과학기술원 ,2060000.0,2060000.0,0.0,2060000.0,0.0,2060000.0,0.0
2026.0,광주교육대학교 ,3795423.5,3795423.5,3818655.2,3764000.0,3764000.0,0.0,0.0
2026.0,광주대학교 ,7133783.6,7133783.6,6683160.2,7488000.0,7488000.0,7488000.0,0.0
2026.0,광주여자대학교 ,6809350.9,6809350.9,6045482.7,7287563.5,7020000.0,0.0,0.0
2026.0,국립경국대학교 ,3844993.9,3844993.9,3441168.5,3929508.0,3977129.7,4192497.4,0.0
2026.0,국립공주대학교 ,3858703.8,3858703.8,3255824.5,3877433.6,4180803.2,4235490.1,0.0
2026.0,국립군산대학교 ,3891106.1,3891106.1,3318000.0,3903952.3,4121694.9,4238000.0,0.0
2026.0,국립금오공과대학교 ,3773623.1,3773623.1,3400400.0,3536400.0,0.0,3791107.5,0.0
2026.0,국립목포대학교 ,3871285.8,3871285.8,3393468.7,4097613.2,4111046.7,4236000.0,0.0
2026.0,국립목포대학교(담양캠퍼스) _제2캠퍼스,3376851.1,3376851.1,0.0,2890000.0,4236000.0,3355923.1,0.0
2026.0,국립목포해양대학교 ,3412114.0,3412114.0,0.0,0.0,3920000.0,3400734.9,0.0
2026.0,국립부경대학교 ,4049668.0,4049668.0,3420890.3,4094151.1,4260365.9,4347303.1,0.0
2026.0,국립순천대학교 ,3970127.2,3970127.2,3372933.0,4143322.7,4249081.6,4307712.0,0.0
2026.0,국립창원대학교 ,3919778.2,3919778.2,3444891.0,4040965.0,4299240.1,4382968.7,0.0
2026.0,국립창원대학교(거창캠퍼스) _제2캠퍼스,2841174.4,2841174.4,2396000.0,2890000.0,0.0,2890000.0,0.0
2026.0,국립창원대학교(남해캠퍼스) _제3캠퍼스,2746910.3,2746910.3,2396000.0,2773764.7,0.0,2890000.0,0.0
2026.0,국립한국교통대학교 ,4103672.1,4103672.1,3715552.4,4131278.6,4375297.3,4235161.2,0.0
2026.0,국립한국해양대학교 ,3722953.1,3722953.1,3284000.0,3994000.0,3994000.0,3809785.5,0.0
2026.0,국립한밭대학교 ,4479849.4,4479849.4,3842570.2,0.0,4614591.0,4651241.4,0.0
2026.0,국민대학교 ,8616796.8,8616796.8,7887273.1,8478001.9,9640435.5,9259532.9,0.0
2026.0,국제사이버대학교 ,2524286.0,2524286.0,2490121.0,0.0,2723246.8,0.0,0.0
2026.0,극동대학교 ,7846600.1,7846600.1,6753068.4,8080161.7,8274331.8,8661494.3,0.0
2026.0,글로벌사이버대학교 ,2502176.9,2502176.9,2500133.1,0.0,2500985.2,2523010.6,0.0
2026.0,금강대학교 ,6598000.0,6598000.0,6584923.1,0.0,6700000.0,0.0,0.0
2026.0,김천대학교 ,7387386.5,7387386.5,6779116.2,7520268.7,7543200.0,7546854.5,0.0
2026.0,나사렛대학교 ,7911622.7,7911622.7,7371971.6,8828800.0,8661221.7,0.0,0.0
2026.0,남부대학교 ,6766873.8,6766873.8,6023637.9,6809684.2,7306540.6,7302037.8,0.0
2026.0,남서울대학교 ,8616388.3,8616388.3,7625125.1,9607788.3,9224056.9,8993317.0,0.0
2026.0,단국대학교 ,8756933.3,8756933.3,7718019.8,9076000.0,9847536.4,9647964.8,0.0
2026.0,단국대학교 _제2캠퍼스,8922944.1,8922944.1,7544936.5,9512619.7,9185164.1,9566020.8,11140000.0
2026.0,대구가톨릭대학교 ,7904801.4,7904801.4,6417017.4,8514524.9,9127160.7,8577034.5,10886000.0
2026.0,대구경북과학기술원 ,7934000.0,7934000.0,0.0,7934000.0,0.0,0.0,0.0
2026.0,대구교육대학교 ,3896000.0,3896000.0,3896000.0,0.0,0.0,0.0,0.0
2026.0,대구대학교 ,7556022.7,7556022.7,6502316.7,8099956.0,8911638.8,8691308.3,0.0
2026.0,대구사이버대학교 ,2691789.5,2691789.5,2691789.5,0.0,0.0,0.0,0.0
2026.0,대구예술대학교 ,8390429.3,8390429.3,0.0,0.0,8390429.3,0.0,0.0
2026.0,대구한의대학교 ,7845054.2,7845054.2,6246685.6,8220359.9,7956162.2,8189200.0,10044000.0
2026.0,대신대학교 ,6626353.4,6626353.4,6249071.0,0.0,7316780.0,0.0,0.0
2026.0,대전가톨릭대학교 ,5760000.0,5760000.0,5760000.0,0.0,0.0,0.0,0.0
2026.0,대전대학교 ,7685682.1,7685682.1,6937749.6,7869912.7,8091695.9,8213858.6,9624000.0
2026.0,대전신학대학교 ,6100000.0,6100000.0,6100000.0,0.0,0.0,0.0,0.0
2026.0,대진대학교 ,8246988.5,8246988.5,7050596.6,8681203.1,9116404.3,9132093.8,0.0
2026.0,덕성여자대학교 ,7810760.7,7810760.7,6590574.8,9084594.3,9127696.3,8280222.3,0.0
2026.0,동국대학교 ,8656274.3,8656274.3,7606564.7,9180593.1,9608311.7,9929717.8,0.0
2026.0,동국대학교(WISE) _분교,8417791.5,8417791.5,7374580.9,9214499.6,8912364.2,9633092.1,10709074.4
2026.0,동덕여자대학교 ,8126346.6,8126346.6,6495876.1,8322753.2,9233316.2,0.0,0.0
2026.0,동명대학교 ,7663538.1,7663538.1,6307425.5,8380838.9,8061445.8,8300000.0,0.0
2026.0,동서대학교 ,7543205.4,7543205.4,6510674.9,8252372.3,8044902.9,8235967.1,0.0
2026.0,동신대학교 ,7249025.9,7249025.9,6471673.7,7381158.4,7476168.1,7780221.8,9782000.0
2026.0,동아대학교 ,7896057.5,7896057.5,6742915.5,8023607.5,8588957.8,8938293.7,11576800.0
2026.0,동양대학교 ,7942642.8,7942642.8,6805608.8,7744281.4,8650878.6,8236573.0,0.0
2026.0,동의대학교 ,7580400.9,7580400.9,6382756.2,7908910.0,8098839.2,8571071.3,9418000.0
2026.0,디지털서울문화예술대학교 ,3126349.9,3126349.9,0.0,0.0,3126349.9,0.0,0.0
2026.0,루터대학교 ,6300000.0,6300000.0,6300000.0,0.0,0.0,0.0,0.0
2026.0,명지대학교 ,9829417.3,9829417.3,0.0,8911295.4,10222502.2,9941893.3,0.0
2026.0,명지대학교 _제2캠퍼스,7737615.2,7737615.2,7349160.5,8878000.0,0.0,9859500.0,0.0
2026.0,목원대학교 ,7965994.0,7965994.0,6956369.4,7911823.6,8664045.1,8742351.0,0.0
2026.0,목포가톨릭대학교 ,6758000.0,6758000.0,5805358.5,7028000.0,0.0,0.0,0.0
2026.0,배재대학교 ,7956588.2,7956588.2,6976726.3,7898608.0,8629040.5,8626000.0,0.0
2026.0,백석대학교 ,8626213.5,8626213.5,7557371.4,9042166.9,9737806.0,0.0,0.0
2026.0,부산가톨릭대학교 ,7470200.0,7470200.0,6452000.0,7563000.0,0.0,8255000.0,0.0
2026.0,부산교육대학교 ,3316000.0,3316000.0,3316000.0,3316000.0,3316000.0,0.0,0.0
2026.0,부산대학교 ,4514543.2,4514543.2,3484151.0,4752074.3,4736970.3,4726022.4,10100000.0
2026.0,부산디지털대학교 ,2522964.0,2522964.0,2522964.0,0.0,0.0,0.0,0.0
2026.0,부산외국어대학교 ,7046968.4,7046968.4,7031024.5,0.0,6967440.0,7762000.0,0.0
2026.0,부산장신대학교 ,6316875.0,6316875.0,6316875.0,0.0,0.0,0.0,0.0
2026.0,사이버한국외국어대학교 ,2888042.3,2888042.3,2888042.3,0.0,0.0,0.0,0.0
2026.0,삼육대학교 ,8537542.9,8537542.9,7575661.8,8710709.3,9402935.6,8989438.7,0.0
2026.0,상명대학교 ,8417417.1,8417417.1,7460853.3,8622168.8,9856374.4,9241646.1,0.0
2026.0,상명대학교 _제2캠퍼스,8772147.7,8772147.7,7257256.6,8741507.0,9226742.4,9058814.4,0.0
2026.0,상지대학교 ,8112354.0,8112354.0,7273773.6,8406836.7,8337680.0,8989196.6,10338000.0
2026.0,서강대학교 ,8698676.8,8698676.8,7895046.4,9211635.3,0.0,10146113.3,0.0
2026.0,서경대학교 ,8688695.9,8688695.9,6982337.7,7854000.0,9022061.5,9080274.5,0.0
2026.0,서울과학기술대학교 ,5494477.2,5494477.2,4746029.7,5540420.0,5581839.9,5577278.9,0.0
2026.0,서울교육대학교 ,3256000.0,3256000.0,3256000.0,0.0,0.0,0.0,0.0
2026.0,서울기독대학교 ,8139117.6,8139117.6,7322000.0,0.0,9238000.0,0.0,0.0
2026.0,서울대학교 ,6091815.7,6091815.7,5033654.6,6158241.4,7392814.0,6228872.4,9896342.9
2026.0,서울디지털대학교 ,2311658.9,2311658.9,2310669.6,2299353.2,2312461.8,2314975.9,0.0
2026.0,서울사이버대학교 ,2850600.1,2850600.1,2850600.1,0.0,0.0,0.0,0.0
2026.0,서울시립대학교 ,2530265.8,2530265.8,2156000.0,2546374.7,3074991.6,2848000.0,0.0
2026.0,서울신학대학교 ,7676276.8,7676276.8,7157911.9,0.0,9009498.2,9054725.4,0.0
2026.0,서울여자대학교 ,8244464.4,8244464.4,7348576.3,8704725.6,10017184.1,0.0,0.0
2026.0,서울장신대학교 ,7781326.9,7781326.9,7172388.1,0.0,8884000.0,0.0,0.0
2026.0,서울한영대학교 ,7245388.9,7245388.9,7222514.3,0.0,8046000.0,0.0,0.0
2026.0,서원대학교 ,7574190.5,7574190.5,6821827.0,7975836.4,7948071.4,8371011.8,0.0
2026.0,선문대학교 ,8244256.0,8244256.0,7343130.4,8766150.4,8573141.9,8914442.3,0.0
2026.0,성결대학교 ,7857086.3,7857086.3,7037293.9,0.0,9529190.9,8803761.2,0.0
2026.0,성공회대학교 ,7626671.5,7626671.5,7479937.8,0.0,0.0,8073972.6,0.0
2026.0,성균관대학교 ,9145523.9,9145523.9,8344582.9,9812897.3,9593166.7,9862845.3,12236000.0
2026.0,성신여자대학교 ,8437832.3,8437832.3,7332134.0,8961919.6,9869706.7,8573152.5,0.0
2026.0,세명대학교 ,7503323.4,7503323.4,6507000.0,7833218.5,8193000.0,8037861.4,9597000.0
2026.0,세종대학교 ,8651037.4,8651037.4,6760570.1,8355370.0,9143860.0,9243775.9,0.0
2026.0,세종사이버대학교 ,2920578.9,2920578.9,2911675.6,2918245.8,2925890.9,2939618.4,0.0
2026.0,세한대학교 ,8013059.4,8013059.4,7543134.5,8046996.0,8037394.5,9388097.6,0.0
2026.0,송원대학교 ,7106105.0,7106105.0,6387914.3,7426507.2,7298950.8,7454012.3,0.0
2026.0,수원가톨릭대학교 ,5249000.0,5249000.0,5249000.0,0.0,0.0,0.0,0.0
2026.0,수원대학교 ,8195102.4,8195102.4,6698224.5,7906000.0,8960145.3,8694631.1,0.0
2026.0,숙명여자대학교 ,8825485.2,8825485.2,7734063.7,9625719.8,10353786.0,10172966.0,0.0
2026.0,순복음총회신학교 ,6243103.4,6243103.4,6143396.2,0.0,7300000.0,0.0,0.0
2026.0,순천향대학교 ,8540656.9,8540656.9,7647712.4,8777831.6,8496704.5,9000750.0,10840000.0
2026.0,숭실대학교 ,8643438.3,8643438.3,7690288.6,8734029.0,9592425.3,9557038.5,0.0
2026.0,숭실사이버대학교 ,2772244.9,2772244.9,2770139.7,0.0,0.0,2774446.8,0.0
2026.0,신경주대학교 ,7634811.7,7634811.7,6388839.4,8014716.6,8531010.8,7828588.2,0.0
2026.0,신라대학교 ,7298401.8,7298401.8,6195400.3,7932427.4,8058163.4,8678445.6,0.0
2026.0,신한대학교 ,9568571.4,9568571.4,0.0,9500000.0,0.0,9980000.0,0.0
2026.0,신한대학교 _제2캠퍼스,9156576.9,9156576.9,7840000.0,9500000.0,9960000.0,9980000.0,0.0
2026.0,아신대학교 ,6900000.0,6900000.0,6900000.0,0.0,0.0,0.0,0.0
2026.0,아주대학교 ,9093154.8,9093154.8,7640462.7,9378681.5,7347000.0,9618288.1,12154000.0
2026.0,안양대학교 ,8261377.2,8261377.2,7208396.3,8694356.2,9114743.8,9046960.3,0.0
2026.0,안양대학교 _제2캠퍼스,9105397.9,9105397.9,0.0,0.0,9120000.0,9082982.5,0.0
2026.0,연세대학교 ,9957805.4,9957805.4,9223142.2,9825159.3,10279295.5,10652687.5,13036000.0
2026.0,연세대학교(미래) _분교,9212142.3,9212142.3,8564867.6,9145773.8,0.0,9934829.0,13036000.0
2026.0,영남대학교 ,8072811.3,8072811.3,6504718.1,9076143.9,9561870.1,8877191.9,11554000.0
2026.0,영남신학대학교 ,6812000.0,6812000.0,6812000.0,0.0,0.0,0.0,0.0
2026.0,영산대학교(양산) _제2캠퍼스,7223987.2,7223987.2,6510579.1,8292000.0,7606000.0,8480000.0,0.0
2026.0,영산대학교(해운대) ,7544721.2,7544721.2,6262000.0,8130000.0,7944819.8,0.0,0.0
2026.0,영산선학대학교 ,2000000.0,2000000.0,2000000.0,0.0,0.0,0.0,0.0
2026.0,예수대학교 ,7491000.0,7491000.0,0.0,7491000.0,0.0,0.0,0.0
2026.0,예원예술대학교 ,8665159.6,8665159.6,0.0,0.0,8665159.6,0.0,0.0
2026.0,예원예술대학교 _제2캠퍼스,9026715.3,9026715.3,0.0,0.0,9026715.3,0.0,0.0
2026.0,용인대학교 ,8424516.6,8424516.6,7512159.5,8324617.0,8753064.0,0.0,0.0
2026.0,우석대학교 ,7519491.2,7519491.2,6540022.1,8210412.7,7453884.1,8477883.0,10287000.0
2026.0,우송대학교 ,7817764.1,7817764.1,7789460.8,7878798.6,7942204.5,7773603.6,0.0
2026.0,울산과학기술원 ,6567981.0,6567981.0,5591000.0,6633000.0,0.0,6633000.0,0.0
2026.0,울산대학교 ,7966453.2,7966453.2,6180000.0,8499963.5,8953601.7,8745167.4,11736000.0
2026.0,원광대학교 ,8097126.7,8097126.7,6536813.4,8583141.4,7971241.7,8507368.5,11030258.6
2026.0,원광디지털대학교 ,2735094.3,2735094.3,2737612.4,2733613.9,2728472.5,0.0,0.0
2026.0,위덕대학교 ,7312525.9,7312525.9,6336101.9,7999742.4,8428000.0,7988000.0,0.0
2026.0,유원대학교 ,7193377.1,7193377.1,6325549.8,7880000.0,7880000.0,7880000.0,0.0
2026.0,을지대학교 ,11280388.9,11280388.9,0.0,11411900.0,0.0,0.0,11116000.0
2026.0,을지대학교 _제2캠퍼스,9079638.6,9079638.6,8780315.1,9133165.1,9840000.0,9271090.9,0.0
2026.0,을지대학교 _제3캠퍼스,8984798.6,8984798.6,8921071.9,9026950.0,8726000.0,0.0,0.0
2026.0,이화여자대학교 ,9311388.0,9311388.0,8085090.9,9907258.8,10597893.8,10070597.3,13688000.0
2026.0,인제대학교 ,7926630.2,7926630.2,6204496.3,8142347.8,7648676.8,8483040.2,10927000.0
2026.0,인천가톨릭대학교 ,5446000.0,5446000.0,5446000.0,0.0,0.0,0.0,0.0
2026.0,인천가톨릭대학교 _제2캠퍼스,9109951.0,9109951.0,0.0,9306500.0,9020100.0,0.0,0.0
2026.0,인천대학교 ,4650414.5,4650414.5,4169025.6,4538166.3,4863836.2,5148000.0,0.0
2026.0,인하대학교 ,8490347.9,8490347.9,7417345.9,8910660.6,8915933.6,9136050.4,11420000.0
2026.0,장로회신학대학교 ,7308300.0,7308300.0,6379135.8,0.0,9238102.6,0.0,0.0
2026.0,전남대학교 ,4222785.6,4222785.6,3428852.7,4271720.0,4525349.1,4440000.0,6118363.6
2026.0,전남대학교 _제2캠퍼스,4086941.1,4086941.1,3526660.6,4100000.0,0.0,4368622.5,0.0
2026.0,전북대학교 ,4461484.3,4461484.3,3322000.0,4496387.4,4673451.1,4565041.0,8609100.2
2026.0,전주교육대학교 ,3646000.0,3646000.0,3646000.0,3646000.0,3646000.0,0.0,0.0
2026.0,전주대학교 ,7543384.2,7543384.2,6786489.9,7855013.0,8033298.5,8526000.0,0.0
2026.0,정석대학 ,0.0,0.0,0.0,0.0,0.0,0.0,0.0
2026.0,제주국제대학교 ,5819108.1,5819108.1,5498000.0,0.0,6004285.7,6003000.0,0.0
2026.0,제주대학교 ,4060630.6,4060630.6,3255560.5,4417705.5,4244031.3,4347332.9,8263000.0
2026.0,조선대학교 ,7718958.2,7718958.2,6278112.4,8337921.3,7913536.1,8326883.0,11540000.0
2026.0,중부대학교 ,7846832.5,7846832.5,7311099.9,7985988.0,8463070.8,8336854.5,0.0
2026.0,중앙대학교 ,8587181.5,8587181.5,7375231.4,9295128.3,9604904.8,9767881.5,11824000.0
2026.0,중앙대학교 _제2캠퍼스,9386994.9,9386994.9,0.0,8587000.0,9672911.2,9766857.1,0.0
2026.0,중앙승가대학교 ,1820000.0,1820000.0,1820000.0,0.0,0.0,0.0,0.0
2026.0,중원대학교 ,7659699.5,7659699.5,6474411.3,8130089.7,7665668.2,8147442.2,0.0
2026.0,진주교육대학교 ,3778500.0,3778500.0,3778622.6,3777977.0,3779022.5,0.0,0.0
2026.0,차의과학대학교 ,7762597.4,7762597.4,7218711.8,8328511.1,0.0,0.0,0.0
2026.0,창신대학교 ,6964561.1,6964561.1,6014000.0,7209661.5,7308235.3,7717461.5,0.0
2026.0,청운대학교 ,8000799.0,8000799.0,7593990.8,8250000.0,8412686.8,8243410.3,0.0
2026.0,청주교육대학교 ,3714000.0,3714000.0,3714000.0,0.0,0.0,0.0,0.0
2026.0,청주대학교 ,8319491.0,8319491.0,7516247.4,8491656.2,8798827.3,8931423.1,0.0
2026.0,초당대학교 ,7231632.4,7231632.4,6091007.3,7390178.3,6887194.2,8295423.5,0.0
2026.0,총신대학교 ,7556237.0,7556237.0,7142163.0,0.0,9496250.0,0.0,0.0
2026.0,추계예술대학교 ,9898886.0,9898886.0,8278900.8,0.0,10474002.7,0.0,0.0
2026.0,춘천교육대학교 ,3601590.4,3601590.4,3601471.7,3601676.5,3601680.8,0.0,0.0
2026.0,충남대학교 ,4401836.0,4401836.0,3374159.4,4340093.4,4589432.7,4815481.5,8308317.1
2026.0,충북대학교 ,4305681.0,4305681.0,3520974.1,4379995.9,4448214.3,4597348.4,7362713.6
2026.0,칼빈대학교 ,8030000.0,8030000.0,7462500.0,8780000.0,8680000.0,0.0,0.0
2026.0,평택대학교 ,8198774.1,8198774.1,7403725.7,8496000.0,9442000.0,8845946.4,0.0
2026.0,포항공과대학교 ,5613500.0,5613500.0,0.0,0.0,0.0,5613500.0,0.0
2026.0,한경국립대학교 ,4021297.0,4021297.0,3604640.0,3967440.0,4330040.0,4148840.0,0.0
2026.0,한국공학대학교 ,9449101.3,9449101.3,7948127.8,0.0,0.0,9607286.3,0.0
2026.0,한국과학기술원 ,6866000.0,6866000.0,6866000.0,6866000.0,0.0,6866000.0,0.0
2026.0,한국교원대학교 ,3456068.7,3456068.7,3126000.0,3780571.4,4136000.0,3916000.0,0.0
2026.0,한국기술교육대학교 ,4475287.1,4475287.1,3302304.0,0.0,0.0,4720913.6,0.0
2026.0,한국방송통신대학교 ,762435.9,762435.9,731914.7,731600.0,757600.0,2214000.0,0.0
2026.0,한국성서대학교 ,7506665.2,7506665.2,7086000.0,8372000.0,0.0,7908000.0,0.0
2026.0,한국에너지공과대학교 ,9000000.0,9000000.0,0.0,0.0,0.0,9000000.0,0.0
2026.0,한국열린사이버대학교 ,2423087.7,2423087.7,2423087.7,0.0,0.0,0.0,0.0
2026.0,한국예술종합학교 ,4806454.7,4806454.7,0.0,0.0,4806454.7,0.0,0.0
2026.0,한국외국어대학교 ,7791804.0,7791804.0,7537100.5,8425138.4,0.0,9113343.3,0.0
2026.0,한국전통문화대학교 ,3483232.1,3483232.1,2977500.0,3868500.0,3644500.0,3729000.0,0.0
2026.0,한국체육대학교 ,3860074.8,3860074.8,0.0,0.0,3860074.8,0.0,0.0
2026.0,한국침례신학대학교 ,5989978.1,5989978.1,5699845.0,0.0,7607113.1,0.0,0.0
2026.0,한국항공대학교 ,9210265.3,9210265.3,7322000.0,8628074.0,0.0,9507931.8,0.0
2026.0,한남대학교 ,7869677.4,7869677.4,7040189.9,8087378.7,8880540.7,8945099.9,0.0
2026.0,한동대학교 ,7413037.9,7413037.9,7125377.9,8136000.0,0.0,8136000.0,0.0
2026.0,한라대학교 ,7767468.5,7767468.5,6439008.4,0.0,8453225.1,8441442.6,0.0
2026.0,한림대학교 ,8226649.5,8226649.5,7222725.0,8531516.8,8782206.3,9126185.2,11200468.3
2026.0,한서대학교 ,8525200.1,8525200.1,7952193.5,8499351.2,8486261.6,9028718.6,0.0
2026.0,한성대학교 ,8033733.0,8033733.0,7003044.9,0.0,8919330.1,8814267.2,0.0
2026.0,한세대학교 ,8859564.3,8859564.3,7816077.4,8877500.0,10233376.1,9528769.2,0.0
2026.0,한신대학교 ,7892204.1,7892204.1,7507991.7,8497170.2,8492250.0,8925642.6,0.0
2026.0,한양대학교 ,9289910.8,9289910.8,7659372.8,9218764.9,10048625.0,10105084.6,11646000.0
2026.0,한양대학교(ERICA) _분교,9281769.8,9281769.8,7605548.8,9700226.1,9831849.1,9925309.5,0.0
2026.0,한양사이버대학교 ,2936765.0,2936765.0,2936765.0,0.0,0.0,0.0,0.0
2026.0,한일장신대학교 ,6852602.7,6852602.7,6020845.1,7280000.0,7220845.1,0.0,0.0
2026.0,협성대학교 ,8135252.7,8135252.7,7301520.0,9217062.1,9333934.8,9334325.8,0.0
2026.0,호남대학교 ,6788793.8,6788793.8,6141574.7,7070417.2,7076313.3,6947796.6,0.0
2026.0,호남신학대학교 ,6973029.8,6973029.8,6077139.2,0.0,8286693.3,0.0,0.0
2026.0,호서대학교 ,8412408.0,8412408.0,7391111.1,8533004.1,8935004.4,8920461.4,0.0
2026.0,호원대학교 ,7501238.6,7501238.6,6278739.9,7653408.1,7930230.0,7566083.1,0.0
2026.0,홍익대학교 ,9101269.7,9101269.7,7455804.1,7473800.0,9940883.3,9628893.2,0.0
2026.0,홍익대학교 _제2캠퍼스,9244386.3,9244386.3,7453560.8,0.0,9763584.8,9649495.9,0.0
2026.0,화성의과학대학교 ,7748928.3,7748928.3,7238309.5,8285606.8,7599447.5,0.0,0.0
2026.0,화신사이버대학교 ,2515636.4,2515636.4,2515636.4,0.0,0.0,0.0,0.0
