기준연도,지역,상태,학교,재학생수(A),총 실수,수용가능인원(B),유학생_학위과정,유학생_비학위과정
2025.0,경북,기존,가야대학교(고령)_제2캠퍼스,0.0,0.0,0.0,0,0
2025.0,경남,기존,가야대학교(김해),1623.0,80.0,483.0,0,2
2025.0,경남,기존,가야대학교(김해),1623.0,88.0,483.0,0,0
2025.0,경기,기존,가천대학교,24161.0,40.0,3015.0,1,0
2025.0,경기,기존,가천대학교,24161.0,98.0,3015.0,0,0
2025.0,경기,기존,가천대학교,24161.0,140.0,3015.0,0,0
2025.0,경기,기존,가천대학교,24161.0,393.0,3015.0,0,0
2025.0,경기,기존,가천대학교,24161.0,184.0,3015.0,97,230
2025.0,경기,기존,가천대학교,24161.0,44.0,3015.0,0,0
2025.0,경기,기존,가천대학교,24161.0,252.0,3015.0,0,0
2025.0,강원,기존,가톨릭관동대학교,5294.0,57.0,2267.0,0,41
2025.0,강원,기존,가톨릭관동대학교,5294.0,76.0,2267.0,0,0
2025.0,강원,기존,가톨릭관동대학교,5294.0,166.0,2267.0,0,0
2025.0,강원,기존,가톨릭관동대학교,5294.0,111.0,2267.0,0,52
2025.0,강원,기존,가톨릭관동대학교,5294.0,108.0,2267.0,0,0
2025.0,강원,기존,가톨릭관동대학교,5294.0,221.0,2267.0,0,0
2025.0,강원,기존,가톨릭관동대학교,5294.0,29.0,2267.0,0,0
2025.0,충북,기존,가톨릭꽃동네대학교,444.0,39.0,193.0,0,0
2025.0,충북,기존,가톨릭꽃동네대학교,444.0,63.0,193.0,2,0
2025.0,경기,기존,가톨릭대학교,8612.0,88.0,1842.0,97,0
2025.0,경기,기존,가톨릭대학교,8612.0,54.0,1842.0,0,0
2025.0,경기,기존,가톨릭대학교,8612.0,238.0,1842.0,159,0
2025.0,경기,기존,가톨릭대학교,8612.0,386.0,1842.0,311,47
2025.0,서울,기존,가톨릭대학교_제2캠퍼스,1522.0,41.0,121.0,0,0
2025.0,서울,기존,가톨릭대학교_제3캠퍼스,269.0,60.0,306.0,0,0
2025.0,서울,기존,가톨릭대학교_제3캠퍼스,269.0,60.0,306.0,0,0
2025.0,서울,기존,가톨릭대학교_제3캠퍼스,269.0,4.0,306.0,0,0
2025.0,서울,기존,가톨릭대학교_제3캠퍼스,269.0,150.0,306.0,0,0
2025.0,서울,기존,감리교신학대학교,1207.0,140.0,280.0,2,0
2025.0,경기,기존,강남대학교,6661.0,118.0,940.0,33,0
2025.0,경기,기존,강남대학교,6661.0,234.0,940.0,0,0
2025.0,서울,기존,강서대학교,1856.0,50.0,208.0,0,0
2025.0,서울,기존,강서대학교,1856.0,12.0,208.0,0,0
2025.0,서울,기존,강서대학교,1856.0,30.0,208.0,0,0
2025.0,강원,기존,강원대학교,16565.0,82.0,4388.0,89,32
2025.0,강원,기존,강원대학교,16565.0,65.0,4388.0,0,0
2025.0,강원,기존,강원대학교,16565.0,61.0,4388.0,0,0
2025.0,강원,기존,강원대학교,16565.0,110.0,4388.0,73,5
2025.0,강원,기존,강원대학교,16565.0,952.0,4388.0,1,0
2025.0,강원,기존,강원대학교,16565.0,100.0,4388.0,116,5
2025.0,강원,기존,강원대학교,16565.0,52.0,4388.0,0,0
2025.0,강원,기존,강원대학교,16565.0,95.0,4388.0,0,0
2025.0,강원,기존,강원대학교,16565.0,67.0,4388.0,64,23
2025.0,강원,기존,강원대학교,16565.0,505.0,4388.0,2,0
2025.0,강원,기존,강원대학교_제2캠퍼스,5095.0,320.0,2472.0,11,0
2025.0,강원,기존,강원대학교_제2캠퍼스,5095.0,55.0,2472.0,23,3
2025.0,강원,기존,강원대학교_제2캠퍼스,5095.0,158.0,2472.0,15,11
2025.0,강원,기존,강원대학교_제2캠퍼스,5095.0,150.0,2472.0,0,0
2025.0,강원,기존,강원대학교_제2캠퍼스,5095.0,96.0,2472.0,0,0
2025.0,강원,기존,강원대학교_제2캠퍼스,5095.0,124.0,2472.0,0,0
2025.0,충북,기존,건국대학교(글로컬)_분교,7574.0,339.0,2286.0,52,0
2025.0,충북,기존,건국대학교(글로컬)_분교,7574.0,411.0,2286.0,49,0
2025.0,서울,기존,건국대학교,18215.0,507.0,3113.0,28,80
2025.0,서울,기존,건국대학교,18215.0,1134.0,3113.0,380,19
2025.0,서울,기존,건국대학교,18215.0,38.0,3113.0,0,0
2025.0,충남,기존,건양대학교,2515.0,157.0,1259.0,74,113
2025.0,충남,기존,건양대학교,2515.0,134.0,1259.0,0,0
2025.0,충남,기존,건양대학교,2515.0,124.0,1259.0,0,0
2025.0,충남,기존,건양대학교,2515.0,22.0,1259.0,0,0
2025.0,충남,기존,건양대학교,2515.0,65.0,1259.0,0,0
2025.0,충남,기존,건양대학교,2515.0,107.0,1259.0,0,0
2025.0,대전,기존,건양대학교_제2캠퍼스,4137.0,228.0,1336.0,18,0
2025.0,대전,기존,건양대학교_제2캠퍼스,4137.0,186.0,1336.0,10,0
2025.0,대전,기존,건양대학교_제2캠퍼스,4137.0,200.0,1336.0,0,0
2025.0,경기,기존,경기대학교,12462.0,66.0,2223.0,0,75
2025.0,경기,기존,경기대학교,12462.0,1058.0,2223.0,29,51
2025.0,서울,기존,경기대학교_제2캠퍼스,2333.0,6.0,12.0,0,0
2025.0,서울,기존,경기대학교_제2캠퍼스,2333.0,0.0,0.0,0,0
2025.0,경남,기존,경남대학교,8825.0,18.0,1599.0,33,2
2025.0,경남,기존,경남대학교,8825.0,252.0,1599.0,106,4
2025.0,경남,기존,경남대학교,8825.0,117.0,1599.0,0,0
2025.0,경남,기존,경남대학교,8825.0,322.0,1599.0,110,13
2025.0,경남,기존,경남대학교,8825.0,11.0,1599.0,0,0
2025.0,경남,기존,경남대학교,8825.0,19.0,1599.0,0,0
2025.0,강원,기존,경동대학교,1164.0,199.0,740.0,173,56
2025.0,강원,기존,경동대학교,1164.0,171.0,740.0,113,3
2025.0,강원,기존,경동대학교_제2캠퍼스,0.0,0.0,0.0,0,0
2025.0,강원,기존,경동대학교_제3캠퍼스,3566.0,250.0,1016.0,0,0
2025.0,강원,기존,경동대학교_제3캠퍼스,3566.0,261.0,1016.0,1,0
2025.0,경기,기존,경동대학교_제4캠퍼스,2443.0,250.0,497.0,2,156
2025.0,대구,기존,경북대학교,26010.0,100.0,6169.0,0,0
2025.0,대구,기존,경북대학교,26010.0,400.0,6169.0,26,0
2025.0,대구,기존,경북대학교,26010.0,604.0,6169.0,31,0
2025.0,대구,기존,경북대학교,26010.0,680.0,6169.0,218,0
2025.0,대구,기존,경북대학교,26010.0,96.0,6169.0,31,0
2025.0,대구,기존,경북대학교,26010.0,358.0,6169.0,0,0
2025.0,대구,기존,경북대학교,26010.0,212.0,6169.0,15,0
2025.0,대구,기존,경북대학교,26010.0,27.0,6169.0,0,0
2025.0,대구,기존,경북대학교,26010.0,99.0,6169.0,4,0
2025.0,대구,기존,경북대학교,26010.0,159.0,6169.0,3,0
2025.0,대구,기존,경북대학교,26010.0,80.0,6169.0,0,8
2025.0,대구,기존,경북대학교,26010.0,162.0,6169.0,16,40
2025.0,대구,기존,경북대학교,26010.0,126.0,6169.0,0,0
2025.0,경남,기존,경상국립대학교,19367.0,56.0,5265.0,8,0
2025.0,경남,기존,경상국립대학교,19367.0,52.0,5265.0,5,0
2025.0,경남,기존,경상국립대학교,19367.0,62.0,5265.0,8,0
2025.0,경남,기존,경상국립대학교,19367.0,197.0,5265.0,24,0
2025.0,경남,기존,경상국립대학교,19367.0,365.0,5265.0,42,0
2025.0,경남,기존,경상국립대학교,19367.0,147.0,5265.0,19,0
2025.0,경남,기존,경상국립대학교,19367.0,61.0,5265.0,8,0
2025.0,경남,기존,경상국립대학교,19367.0,365.0,5265.0,18,0
2025.0,경남,기존,경상국립대학교,19367.0,262.0,5265.0,22,53
2025.0,경남,기존,경상국립대학교,19367.0,119.0,5265.0,1,0
2025.0,경남,기존,경상국립대학교,19367.0,207.0,5265.0,4,0
2025.0,경남,기존,경상국립대학교,19367.0,110.0,5265.0,0,0
2025.0,경남,기존,경상국립대학교,19367.0,195.0,5265.0,0,0
2025.0,경남,기존,경상국립대학교,19367.0,61.0,5265.0,0,0
2025.0,경남,기존,경상국립대학교,19367.0,92.0,5265.0,4,0
2025.0,경남,기존,경상국립대학교,19367.0,57.0,5265.0,2,0
2025.0,경남,기존,경상국립대학교,19367.0,36.0,5265.0,0,0
2025.0,경남,기존,경상국립대학교,19367.0,217.0,5265.0,23,0
2025.0,경남,기존,경상국립대학교,19367.0,46.0,5265.0,0,0
2025.0,부산,기존,경성대학교,13144.0,1.0,1470.0,0,0
2025.0,부산,기존,경성대학교,13144.0,1.0,1470.0,0,0
2025.0,부산,기존,경성대학교,13144.0,1.0,1470.0,0,0
2025.0,부산,기존,경성대학교,13144.0,404.0,1470.0,52,94
2025.0,부산,기존,경성대학교,13144.0,312.0,1470.0,0,0
2025.0,부산,기존,경성대학교,13144.0,1.0,1470.0,0,0
2025.0,부산,기존,경성대학교,13144.0,1.0,1470.0,0,0
2025.0,경북,기존,경운대학교,5388.0,49.0,1719.0,86,0
2025.0,경북,기존,경운대학교,5388.0,151.0,1719.0,119,0
2025.0,경북,기존,경운대학교,5388.0,111.0,1719.0,76,0
2025.0,경북,기존,경운대학교,5388.0,15.0,1719.0,0,0
2025.0,경북,기존,경운대학교,5388.0,19.0,1719.0,45,0
2025.0,경북,기존,경운대학교,5388.0,80.0,1719.0,124,0
2025.0,경북,기존,경운대학교,5388.0,15.0,1719.0,0,0
2025.0,경북,기존,경운대학교,5388.0,15.0,1719.0,0,0
2025.0,경북,기존,경운대학교,5388.0,83.0,1719.0,67,0
2025.0,경북,기존,경운대학교,5388.0,15.0,1719.0,0,0
2025.0,경북,기존,경운대학교,5388.0,70.0,1719.0,0,0
2025.0,경북,기존,경운대학교,5388.0,4.0,1719.0,0,0
2025.0,경북,기존,경운대학교,5388.0,54.0,1719.0,32,33
2025.0,경북,기존,경운대학교,5388.0,15.0,1719.0,0,0
2025.0,인천,기존,경인교육대학교,1259.0,94.0,492.0,0,0
2025.0,인천,기존,경인교육대학교,1259.0,71.0,492.0,0,0
2025.0,인천,기존,경인교육대학교,1259.0,95.0,492.0,0,0
2025.0,경기,기존,경인교육대학교_제2캠퍼스,1139.0,200.0,712.0,0,0
2025.0,경기,기존,경인교육대학교_제2캠퍼스,1139.0,52.0,712.0,0,0
2025.0,경북,기존,경일대학교,7300.0,52.0,1726.0,1,0
2025.0,경북,기존,경일대학교,7300.0,121.0,1726.0,54,337
2025.0,경북,기존,경일대학교,7300.0,188.0,1726.0,30,0
2025.0,경북,기존,경일대학교,7300.0,266.0,1726.0,0,0
2025.0,경북,기존,경일대학교,7300.0,50.0,1726.0,0,0
2025.0,서울,기존,경희대학교,28963.0,464.0,4946.0,0,0
2025.0,서울,기존,경희대학교,28963.0,216.0,4946.0,306,0
2025.0,서울,기존,경희대학교,28963.0,33.0,4946.0,0,0
2025.0,서울,기존,경희대학교,28963.0,589.0,4946.0,568,6
2025.0,서울,기존,경희대학교,28963.0,1196.0,4946.0,0,0
2025.0,서울,기존,경희대학교,28963.0,41.0,4946.0,0,0
2025.0,대구,기존,계명대학교,21849.0,55.0,2932.0,0,0
2025.0,대구,기존,계명대학교,21849.0,89.0,2932.0,16,68
2025.0,대구,기존,계명대학교,21849.0,269.0,2932.0,46,0
2025.0,대구,기존,계명대학교,21849.0,186.0,2932.0,23,41
2025.0,대구,기존,계명대학교,21849.0,89.0,2932.0,60,69
2025.0,대구,기존,계명대학교,21849.0,4.0,2932.0,0,0
2025.0,대구,기존,계명대학교,21849.0,232.0,2932.0,32,118
2025.0,대구,기존,계명대학교,21849.0,97.0,2932.0,89,68
2025.0,대구,기존,계명대학교,21849.0,233.0,2932.0,23,167
2025.0,대구,기존,계명대학교,21849.0,167.0,2932.0,13,14
2025.0,세종,기존,고려대학교(세종)_분교,7319.0,191.0,2608.0,6,0
2025.0,세종,기존,고려대학교(세종)_분교,7319.0,306.0,2608.0,41,0
2025.0,세종,기존,고려대학교(세종)_분교,7319.0,471.0,2608.0,78,63
2025.0,세종,기존,고려대학교(세종)_분교,7319.0,82.0,2608.0,4,0
2025.0,서울,기존,고려대학교,28662.0,6.0,3301.0,0,0
2025.0,서울,기존,고려대학교,28662.0,23.0,3301.0,0,30
2025.0,서울,기존,고려대학교,28662.0,4.0,3301.0,0,0
2025.0,서울,기존,고려대학교,28662.0,6.0,3301.0,0,0
2025.0,서울,기존,고려대학교,28662.0,53.0,3301.0,0,0
2025.0,서울,기존,고려대학교,28662.0,180.0,3301.0,128,199
2025.0,서울,기존,고려대학교,28662.0,41.0,3301.0,31,6
2025.0,서울,기존,고려대학교,28662.0,12.0,3301.0,0,0
2025.0,서울,기존,고려대학교,28662.0,8.0,3301.0,0,0
2025.0,서울,기존,고려대학교,28662.0,475.0,3301.0,25,91
2025.0,서울,기존,고려대학교,28662.0,33.0,3301.0,0,0
2025.0,서울,기존,고려대학교,28662.0,174.0,3301.0,95,120
2025.0,서울,기존,고려대학교,28662.0,281.0,3301.0,0,0
2025.0,서울,기존,고려대학교,28662.0,3.0,3301.0,0,0
2025.0,서울,기존,고려대학교,28662.0,5.0,3301.0,0,0
2025.0,서울,기존,고려대학교,28662.0,24.0,3301.0,0,0
2025.0,서울,기존,고려대학교,28662.0,256.0,3301.0,190,18
2025.0,서울,기존,고려대학교,28662.0,8.0,3301.0,0,0
2025.0,부산,기존,고신대학교,3769.0,222.0,1659.0,0,0
2025.0,부산,기존,고신대학교,3769.0,90.0,1659.0,20,30
2025.0,부산,기존,고신대학교,3769.0,185.0,1659.0,3,0
2025.0,충남,기존,공주교육대학교,1610.0,104.0,654.0,0,0
2025.0,충남,기존,공주교육대학교,1610.0,125.0,654.0,0,0
2025.0,충남,기존,공주교육대학교,1610.0,99.0,654.0,0,0
2025.0,광주,기존,광신대학교,955.0,86.0,224.0,16,58
2025.0,서울,기존,광운대학교,8710.0,12.0,1069.0,0,0
2025.0,서울,기존,광운대학교,8710.0,491.0,1069.0,52,23
2025.0,서울,기존,광운대학교,8710.0,14.0,1069.0,8,31
2025.0,전남,기존,광주가톨릭대학교,102.0,55.0,223.0,0,0
2025.0,전남,기존,광주가톨릭대학교,102.0,44.0,223.0,0,0
2025.0,전남,기존,광주가톨릭대학교,102.0,8.0,223.0,0,0
2025.0,전남,기존,광주가톨릭대학교,102.0,21.0,223.0,0,0
2025.0,전남,기존,광주가톨릭대학교,102.0,20.0,223.0,0,0
2025.0,광주,기존,광주과학기술원,2312.0,445.0,2068.0,41,8
2025.0,광주,기존,광주과학기술원,2312.0,615.0,2068.0,78,17
2025.0,광주,기존,광주교육대학교,1257.0,145.0,397.0,0,0
2025.0,광주,기존,광주교육대학교,1257.0,67.0,397.0,0,0
2025.0,광주,기존,광주대학교,5239.0,200.0,1387.0,0,0
2025.0,광주,기존,광주대학교,5239.0,261.0,1387.0,48,136
2025.0,광주,기존,광주대학교,5239.0,10.0,1387.0,0,0
2025.0,광주,기존,광주여자대학교,3329.0,145.0,1104.0,73,17
2025.0,광주,기존,광주여자대학교,3329.0,134.0,1104.0,0,0
2025.0,강원,기존,국립강릉원주대학교,5006.0,10.0,2114.0,0,0
2025.0,강원,기존,국립강릉원주대학교,5006.0,32.0,2114.0,61,0
2025.0,강원,기존,국립강릉원주대학교,5006.0,108.0,2114.0,27,0
2025.0,강원,기존,국립강릉원주대학교,5006.0,392.0,2114.0,10,0
2025.0,강원,기존,국립강릉원주대학교,5006.0,35.0,2114.0,0,0
2025.0,강원,기존,국립강릉원주대학교,5006.0,192.0,2114.0,0,0
2025.0,강원,기존,국립강릉원주대학교,5006.0,286.0,2114.0,0,0
2025.0,강원,기존,국립강릉원주대학교,5006.0,13.0,2114.0,0,0
2025.0,강원,기존,국립강릉원주대학교_제2캠퍼스,2020.0,77.0,615.0,0,0
2025.0,강원,기존,국립강릉원주대학교_제2캠퍼스,2020.0,86.0,615.0,0,0
2025.0,강원,기존,국립강릉원주대학교_제2캠퍼스,2020.0,147.0,615.0,1,0
2025.0,경북,기존,국립경국대학교,5386.0,259.0,1686.0,5,0
2025.0,경북,기존,국립경국대학교,5386.0,225.0,1686.0,7,0
2025.0,경북,기존,국립경국대학교,5386.0,40.0,1686.0,0,0
2025.0,경북,기존,국립경국대학교,5386.0,76.0,1686.0,0,0
2025.0,경북,기존,국립경국대학교,5386.0,191.0,1686.0,6,8
2025.0,충남,기존,국립공주대학교,13435.0,205.0,4568.0,0,0
2025.0,충남,기존,국립공주대학교,13435.0,155.0,4568.0,3,0
2025.0,충남,기존,국립공주대학교,13435.0,113.0,4568.0,1,0
2025.0,충남,기존,국립공주대학교,13435.0,140.0,4568.0,3,15
2025.0,충남,기존,국립공주대학교,13435.0,81.0,4568.0,0,0
2025.0,충남,기존,국립공주대학교,13435.0,106.0,4568.0,0,0
2025.0,충남,기존,국립공주대학교,13435.0,512.0,4568.0,30,14
2025.0,충남,기존,국립공주대학교,13435.0,150.0,4568.0,0,0
2025.0,충남,기존,국립공주대학교,13435.0,108.0,4568.0,2,0
2025.0,충남,기존,국립공주대학교,13435.0,413.0,4568.0,1,0
2025.0,충남,기존,국립공주대학교,13435.0,225.0,4568.0,5,0
2025.0,충남,기존,국립공주대학교,13435.0,106.0,4568.0,0,0
2025.0,전북,기존,국립군산대학교,6980.0,155.0,1718.0,4,0
2025.0,전북,기존,국립군산대학교,6980.0,60.0,1718.0,0,0
2025.0,전북,기존,국립군산대학교,6980.0,325.0,1718.0,7,0
2025.0,전북,기존,국립군산대학교,6980.0,90.0,1718.0,69,0
2025.0,전북,기존,국립군산대학교,6980.0,59.0,1718.0,85,0
2025.0,전북,기존,국립군산대학교,6980.0,60.0,1718.0,0,0
2025.0,전북,기존,국립군산대학교,6980.0,150.0,1718.0,115,0
2025.0,경북,기존,국립금오공과대학교,5191.0,80.0,2052.0,2,0
2025.0,경북,기존,국립금오공과대학교,5191.0,86.0,2052.0,5,3
2025.0,경북,기존,국립금오공과대학교,5191.0,116.0,2052.0,0,0
2025.0,경북,기존,국립금오공과대학교,5191.0,169.0,2052.0,0,0
2025.0,경북,기존,국립금오공과대학교,5191.0,241.0,2052.0,0,0
2025.0,경북,기존,국립금오공과대학교,5191.0,161.0,2052.0,0,0
2025.0,경북,기존,국립금오공과대학교,5191.0,72.0,2052.0,1,0
2025.0,경북,기존,국립금오공과대학교,5191.0,212.0,2052.0,0,0
2025.0,전남,기존,국립목포대학교,6246.0,125.0,1261.0,2,0
2025.0,전남,기존,국립목포대학교,6246.0,328.0,1261.0,4,24
2025.0,전남,기존,국립목포대학교,6246.0,177.0,1261.0,2,0
2025.0,전남,기존,국립목포대학교,6246.0,128.0,1261.0,0,0
2025.0,전남,기존,국립목포해양대학교,2731.0,169.0,2257.0,1,0
2025.0,전남,기존,국립목포해양대학교,2731.0,69.0,2257.0,0,0
2025.0,전남,기존,국립목포해양대학교,2731.0,63.0,2257.0,0,0
2025.0,전남,기존,국립목포해양대학교,2731.0,44.0,2257.0,10,69
2025.0,전남,기존,국립목포해양대학교,2731.0,185.0,2257.0,0,0
2025.0,전남,기존,국립목포해양대학교,2731.0,142.0,2257.0,0,0
2025.0,전남,기존,국립목포해양대학교,2731.0,205.0,2257.0,0,0
2025.0,부산,기존,국립부경대학교,16501.0,538.0,3698.0,0,0
2025.0,부산,기존,국립부경대학교,16501.0,850.0,3698.0,409,131
2025.0,부산,기존,국립부경대학교,16501.0,525.0,3698.0,0,0
2025.0,부산,기존,국립부경대학교,16501.0,0.0,3698.0,0,0
2025.0,전남,기존,국립순천대학교,6848.0,256.0,2076.0,0,7
2025.0,전남,기존,국립순천대학교,6848.0,270.0,2076.0,75,64
2025.0,전남,기존,국립순천대학교,6848.0,27.0,2076.0,0,0
2025.0,전남,기존,국립순천대학교,6848.0,110.0,2076.0,0,0
2025.0,전남,기존,국립순천대학교,6848.0,150.0,2076.0,3,2
2025.0,전남,기존,국립순천대학교,6848.0,257.0,2076.0,0,0
2025.0,경남,기존,국립창원대학교,8278.0,237.0,1920.0,29,1
2025.0,경남,기존,국립창원대학교,8278.0,361.0,1920.0,18,0
2025.0,경남,기존,국립창원대학교,8278.0,200.0,1920.0,13,0
2025.0,경남,기존,국립창원대학교,8278.0,162.0,1920.0,6,1
2025.0,충북,기존,국립한국교통대학교,8388.0,107.0,2192.0,0,0
2025.0,충북,기존,국립한국교통대학교,8388.0,120.0,2192.0,0,0
2025.0,충북,기존,국립한국교통대학교,8388.0,146.0,2192.0,6,27
2025.0,충북,기존,국립한국교통대학교,8388.0,132.0,2192.0,0,0
2025.0,충북,기존,국립한국교통대학교,8388.0,166.0,2192.0,0,0
2025.0,충북,기존,국립한국교통대학교,8388.0,221.0,2192.0,0,0
2025.0,충북,기존,국립한국교통대학교,8388.0,163.0,2192.0,9,28
2025.0,충북,기존,국립한국교통대학교,8388.0,123.0,2192.0,1,0
2025.0,부산,기존,국립한국해양대학교,6860.0,100.0,2768.0,29,0
2025.0,부산,기존,국립한국해양대학교,6860.0,280.0,2768.0,52,0
2025.0,부산,기존,국립한국해양대학교,6860.0,250.0,2768.0,36,0
2025.0,부산,기존,국립한국해양대학교,6860.0,821.0,2768.0,1,0
2025.0,대전,기존,국립한밭대학교,8068.0,395.0,1436.0,3,0
2025.0,대전,기존,국립한밭대학교,8068.0,300.0,1436.0,98,73
2025.0,대전,기존,국립한밭대학교,8068.0,282.0,1436.0,1,0
2025.0,서울,기존,국민대학교,15996.0,38.0,2130.0,0,0
2025.0,서울,기존,국민대학교,15996.0,46.0,2130.0,0,0
2025.0,서울,기존,국민대학교,15996.0,35.0,2130.0,0,0
2025.0,서울,기존,국민대학교,15996.0,61.0,2130.0,0,0
2025.0,서울,기존,국민대학교,15996.0,85.0,2130.0,0,0
2025.0,서울,기존,국민대학교,15996.0,313.0,2130.0,270,148
2025.0,서울,기존,국민대학교,15996.0,98.0,2130.0,0,0
2025.0,서울,기존,국민대학교,15996.0,115.0,2130.0,0,0
2025.0,충북,기존,극동대학교,3298.0,50.0,1082.0,70,16
2025.0,충북,기존,극동대학교,3298.0,108.0,1082.0,55,11
2025.0,충북,기존,극동대학교,3298.0,252.0,1082.0,0,0
2025.0,충북,기존,극동대학교,3298.0,37.0,1082.0,0,0
2025.0,충남,기존,금강대학교,80.0,215.0,215.0,0,0
2025.0,경북,기존,김천대학교,2401.0,160.0,1281.0,20,0
2025.0,경북,기존,김천대학교,2401.0,94.0,1281.0,1,13
2025.0,경북,기존,김천대학교,2401.0,54.0,1281.0,18,85
2025.0,경북,기존,김천대학교,2401.0,53.0,1281.0,25,50
2025.0,충남,기존,나사렛대학교,4127.0,108.0,1026.0,8,99
2025.0,충남,기존,나사렛대학교,4127.0,150.0,1026.0,3,0
2025.0,충남,기존,나사렛대학교,4127.0,223.0,1026.0,1,0
2025.0,광주,기존,남부대학교,2434.0,8.0,988.0,0,0
2025.0,광주,기존,남부대학교,2434.0,135.0,988.0,12,0
2025.0,광주,기존,남부대학교,2434.0,165.0,988.0,0,0
2025.0,충남,기존,남서울대학교,9263.0,12.0,1332.0,0,0
2025.0,충남,기존,남서울대학교,9263.0,301.0,1332.0,5,21
2025.0,충남,기존,남서울대학교,9263.0,198.0,1332.0,63,179
2025.0,충남,기존,남서울대학교,9263.0,27.0,1332.0,0,0
2025.0,경기,기존,단국대학교,12703.0,232.0,2442.0,168,6
2025.0,경기,기존,단국대학교,12703.0,540.0,2442.0,275,0
2025.0,경기,기존,단국대학교,12703.0,121.0,2442.0,259,23
2025.0,충남,기존,단국대학교_제2캠퍼스,11053.0,76.0,2242.0,0,0
2025.0,충남,기존,단국대학교_제2캠퍼스,11053.0,510.0,2242.0,9,10
2025.0,충남,기존,단국대학교_제2캠퍼스,11053.0,232.0,2242.0,28,0
2025.0,경북,기존,대구가톨릭대학교,12336.0,140.0,2786.0,0,0
2025.0,경북,기존,대구가톨릭대학교,12336.0,9.0,2786.0,0,0
2025.0,경북,기존,대구가톨릭대학교,12336.0,110.0,2786.0,0,0
2025.0,경북,기존,대구가톨릭대학교,12336.0,141.0,2786.0,0,0
2025.0,경북,기존,대구가톨릭대학교,12336.0,67.0,2786.0,147,3
2025.0,경북,기존,대구가톨릭대학교,12336.0,99.0,2786.0,227,4
2025.0,경북,기존,대구가톨릭대학교,12336.0,279.0,2786.0,0,0
2025.0,경북,기존,대구가톨릭대학교,12336.0,206.0,2786.0,0,0
2025.0,경북,기존,대구가톨릭대학교,12336.0,75.0,2786.0,0,0
2025.0,경북,기존,대구가톨릭대학교,12336.0,96.0,2786.0,4,0
2025.0,경북,기존,대구가톨릭대학교,12336.0,1.0,2786.0,0,0
2025.0,대구,기존,대구경북과학기술원,1930.0,1073.0,1929.0,76,0
2025.0,대구,기존,대구교육대학교,1514.0,88.0,432.0,0,0
2025.0,대구,기존,대구교육대학교,1514.0,128.0,432.0,0,1
2025.0,경북,기존,대구대학교,16230.0,135.0,4292.0,0,0
2025.0,경북,기존,대구대학교,16230.0,34.0,4292.0,0,0
2025.0,경북,기존,대구대학교,16230.0,100.0,4292.0,0,0
2025.0,경북,기존,대구대학교,16230.0,136.0,4292.0,0,0
2025.0,경북,기존,대구대학교,16230.0,139.0,4292.0,138,0
2025.0,경북,기존,대구대학교,16230.0,134.0,4292.0,1,0
2025.0,경북,기존,대구대학교,16230.0,174.0,4292.0,2,0
2025.0,경북,기존,대구대학교,16230.0,135.0,4292.0,128,0
2025.0,경북,기존,대구대학교,16230.0,136.0,4292.0,0,0
2025.0,경북,기존,대구대학교,16230.0,71.0,4292.0,0,0
2025.0,경북,기존,대구대학교,16230.0,164.0,4292.0,0,0
2025.0,경북,기존,대구대학교,16230.0,132.0,4292.0,0,0
2025.0,경북,기존,대구대학교,16230.0,177.0,4292.0,2,0
2025.0,경북,기존,대구대학교,16230.0,224.0,4292.0,0,0
2025.0,경북,기존,대구대학교,16230.0,142.0,4292.0,0,0
2025.0,경북,기존,대구대학교,16230.0,127.0,4292.0,147,51
2025.0,경북,기존,대구예술대학교,250.0,64.0,103.0,0,0
2025.0,경북,기존,대구한의대학교,7149.0,252.0,911.0,2,0
2025.0,경북,기존,대구한의대학교,7149.0,202.0,911.0,10,0
2025.0,경북,기존,대구한의대학교,7149.0,4.0,911.0,0,0
2025.0,경북,기존,대신대학교,1616.0,19.0,183.0,0,0
2025.0,경북,기존,대신대학교,1616.0,42.0,183.0,0,0
2025.0,세종,기존,대전가톨릭대학교,55.0,186.0,519.0,0,0
2025.0,대전,기존,대전대학교,8192.0,50.0,2287.0,0,0
2025.0,대전,기존,대전대학교,8192.0,166.0,2287.0,60,26
2025.0,대전,기존,대전대학교,8192.0,200.0,2287.0,13,20
2025.0,대전,기존,대전대학교,8192.0,524.0,2287.0,0,0
2025.0,경기,기존,대진대학교,7945.0,86.0,1515.0,0,0
2025.0,경기,기존,대진대학교,7945.0,96.0,1515.0,177,0
2025.0,경기,기존,대진대학교,7945.0,76.0,1515.0,0,0
2025.0,경기,기존,대진대학교,7945.0,48.0,1515.0,83,0
2025.0,경기,기존,대진대학교,7945.0,96.0,1515.0,175,0
2025.0,경기,기존,대진대학교,7945.0,92.0,1515.0,29,0
2025.0,경기,기존,대진대학교,7945.0,40.0,1515.0,0,0
2025.0,경기,기존,대진대학교,7945.0,86.0,1515.0,0,0
2025.0,경기,기존,대진대학교,7945.0,359.0,1515.0,0,0
2025.0,서울,기존,덕성여자대학교,5737.0,228.0,880.0,15,0
2025.0,서울,기존,덕성여자대학교,5737.0,40.0,880.0,33,42
2025.0,서울,기존,덕성여자대학교,5737.0,129.0,880.0,3,0
2025.0,서울,기존,덕성여자대학교,5737.0,71.0,880.0,3,225
2025.0,경북,기존,동국대학교(WISE)_분교,7104.0,168.0,1839.0,0,0
2025.0,경북,기존,동국대학교(WISE)_분교,7104.0,32.0,1839.0,0,0
2025.0,경북,기존,동국대학교(WISE)_분교,7104.0,25.0,1839.0,0,0
2025.0,경북,기존,동국대학교(WISE)_분교,7104.0,125.0,1839.0,315,0
2025.0,경북,기존,동국대학교(WISE)_분교,7104.0,185.0,1839.0,0,0
2025.0,경북,기존,동국대학교(WISE)_분교,7104.0,280.0,1839.0,0,0
2025.0,서울,기존,동국대학교,16213.0,28.0,2221.0,0,0
2025.0,서울,기존,동국대학교,16213.0,3.0,2221.0,0,0
2025.0,서울,기존,동국대학교,16213.0,16.0,2221.0,0,0
2025.0,서울,기존,동국대학교,16213.0,378.0,2221.0,85,70
2025.0,서울,기존,동국대학교,16213.0,52.0,2221.0,67,70
2025.0,서울,기존,동국대학교,16213.0,8.0,2221.0,0,6
2025.0,서울,기존,동국대학교,16213.0,54.0,2221.0,1,0
2025.0,서울,기존,동국대학교,16213.0,23.0,2221.0,0,0
2025.0,서울,기존,동국대학교,16213.0,99.0,2221.0,0,0
2025.0,서울,기존,동국대학교,16213.0,210.0,2221.0,11,0
2025.0,서울,기존,동덕여자대학교,6278.0,20.0,798.0,0,0
2025.0,서울,기존,동덕여자대학교,6278.0,107.0,798.0,17,0
2025.0,서울,기존,동덕여자대학교,6278.0,76.0,798.0,1,0
2025.0,부산,기존,동명대학교,7227.0,244.0,906.0,142,16
2025.0,부산,기존,동명대학교,7227.0,39.0,906.0,88,1
2025.0,부산,기존,동명대학교,7227.0,70.0,906.0,0,0
2025.0,부산,기존,동서대학교,8757.0,504.0,1927.0,42,392
2025.0,부산,기존,동서대학교,8757.0,255.0,1927.0,16,0
2025.0,부산,기존,동서대학교,8757.0,188.0,1927.0,218,125
2025.0,부산,기존,동서대학교,8757.0,13.0,1927.0,0,0
2025.0,부산,기존,동서대학교,8757.0,73.0,1927.0,53,90
2025.0,부산,기존,동서대학교,8757.0,3.0,1927.0,0,0
2025.0,전남,기존,동신대학교,6428.0,397.0,1260.0,0,0
2025.0,전남,기존,동신대학교,6428.0,74.0,1260.0,0,0
2025.0,전남,기존,동신대학교,6428.0,123.0,1260.0,0,0
2025.0,전남,기존,동신대학교,6428.0,70.0,1260.0,140,0
2025.0,부산,기존,동아대학교,18483.0,85.0,2455.0,0,0
2025.0,부산,기존,동아대학교,18483.0,215.0,2455.0,0,0
2025.0,부산,기존,동아대학교,18483.0,147.0,2455.0,35,0
2025.0,부산,기존,동아대학교,18483.0,313.0,2455.0,114,0
2025.0,부산,기존,동아대학교,18483.0,147.0,2455.0,0,0
2025.0,부산,기존,동아대학교,18483.0,210.0,2455.0,0,0
2025.0,부산,기존,동아대학교,18483.0,113.0,2455.0,5,215
2025.0,경북,기존,동양대학교,4383.0,296.0,1466.0,53,7
2025.0,경북,기존,동양대학교,4383.0,142.0,1466.0,0,0
2025.0,경북,기존,동양대학교,4383.0,103.0,1466.0,0,0
2025.0,경북,기존,동양대학교,4383.0,51.0,1466.0,0,42
2025.0,경북,기존,동양대학교,4383.0,30.0,1466.0,1,142
2025.0,경북,기존,동양대학교,4383.0,11.0,1466.0,1,0
2025.0,부산,기존,동의대학교,14347.0,213.0,3004.0,40,0
2025.0,부산,기존,동의대학교,14347.0,360.0,3004.0,1,0
2025.0,부산,기존,동의대학교,14347.0,127.0,3004.0,63,3
2025.0,부산,기존,동의대학교,14347.0,814.0,3004.0,0,0
2025.0,경기,기존,루터대학교,306.0,50.0,94.0,0,0
2025.0,경기,기존,명지대학교,6466.0,37.0,2029.0,2,0
2025.0,경기,기존,명지대학교,6466.0,99.0,2029.0,5,1
2025.0,경기,기존,명지대학교,6466.0,70.0,2029.0,19,0
2025.0,경기,기존,명지대학교,6466.0,175.0,2029.0,78,10
2025.0,경기,기존,명지대학교,6466.0,99.0,2029.0,12,0
2025.0,경기,기존,명지대학교,6466.0,146.0,2029.0,18,0
2025.0,서울,기존,명지대학교_제2캠퍼스,7313.0,308.0,1012.0,142,33
2025.0,대전,기존,목원대학교,8017.0,137.0,1417.0,55,74
2025.0,대전,기존,목원대학교,8017.0,290.0,1417.0,34,11
2025.0,대전,기존,목원대학교,8017.0,136.0,1417.0,39,49
2025.0,전남,기존,목포가톨릭대학교,463.0,8.0,203.0,0,0
2025.0,전남,기존,목포가톨릭대학교,463.0,96.0,203.0,0,0
2025.0,대전,기존,배재대학교,7780.0,2.0,1801.0,1,1
2025.0,대전,기존,배재대학교,7780.0,2.0,1801.0,2,0
2025.0,대전,기존,배재대학교,7780.0,80.0,1801.0,0,0
2025.0,대전,기존,배재대학교,7780.0,2.0,1801.0,0,2
2025.0,대전,기존,배재대학교,7780.0,2.0,1801.0,0,2
2025.0,대전,기존,배재대학교,7780.0,2.0,1801.0,2,0
2025.0,대전,기존,배재대학교,7780.0,2.0,1801.0,2,0
2025.0,대전,기존,배재대학교,7780.0,2.0,1801.0,2,0
2025.0,대전,기존,배재대학교,7780.0,11.0,1801.0,5,6
2025.0,대전,기존,배재대학교,7780.0,44.0,1801.0,3,83
2025.0,대전,기존,배재대학교,7780.0,388.0,1801.0,1,33
2025.0,대전,기존,배재대학교,7780.0,4.0,1801.0,0,0
2025.0,대전,기존,배재대학교,7780.0,2.0,1801.0,0,2
2025.0,대전,기존,배재대학교,7780.0,2.0,1801.0,1,1
2025.0,대전,기존,배재대학교,7780.0,59.0,1801.0,3,41
2025.0,대전,기존,배재대학교,7780.0,2.0,1801.0,1,0
2025.0,대전,기존,배재대학교,7780.0,2.0,1801.0,1,1
2025.0,대전,기존,배재대학교,7780.0,17.0,1801.0,5,12
2025.0,대전,기존,배재대학교,7780.0,17.0,1801.0,1,16
2025.0,충남,기존,백석대학교,13062.0,18.0,1857.0,0,0
2025.0,충남,기존,백석대학교,13062.0,828.0,1857.0,3,0
2025.0,충남,기존,백석대학교,13062.0,77.0,1857.0,0,0
2025.0,충남,기존,백석대학교,13062.0,56.0,1857.0,102,0
2025.0,부산,기존,부산가톨릭대학교,3708.0,155.0,518.0,4,1
2025.0,부산,기존,부산가톨릭대학교,3708.0,96.0,518.0,1,10
2025.0,부산,기존,부산교육대학교,1368.0,108.0,587.0,1,0
2025.0,부산,기존,부산교육대학교,1368.0,43.0,587.0,0,0
2025.0,부산,기존,부산교육대학교,1368.0,198.0,587.0,2,0
2025.0,부산,기존,부산대학교,25215.0,730.0,5114.0,299,62
2025.0,부산,기존,부산대학교,25215.0,530.0,5114.0,99,31
2025.0,부산,기존,부산대학교,25215.0,151.0,5114.0,0,0
2025.0,부산,기존,부산대학교,25215.0,144.0,5114.0,0,0
2025.0,부산,기존,부산대학교,25215.0,21.0,5114.0,9,0
2025.0,부산,기존,부산대학교,25215.0,50.0,5114.0,4,0
2025.0,부산,기존,부산대학교,25215.0,174.0,5114.0,0,0
2025.0,부산,기존,부산대학교,25215.0,467.0,5114.0,20,0
2025.0,부산,기존,부산대학교,25215.0,464.0,5114.0,1,0
2025.0,부산,기존,부산외국어대학교,6820.0,143.0,1627.0,100,59
2025.0,부산,기존,부산외국어대학교,6820.0,664.0,1627.0,263,100
2025.0,경남,기존,부산장신대학교,272.0,34.0,208.0,0,0
2025.0,경남,기존,부산장신대학교,272.0,18.0,208.0,0,0
2025.0,서울,기존,삼육대학교,5835.0,131.0,1229.0,41,0
2025.0,서울,기존,삼육대학교,5835.0,126.0,1229.0,19,7
2025.0,서울,기존,삼육대학교,5835.0,126.0,1229.0,24,0
2025.0,서울,기존,삼육대학교,5835.0,125.0,1229.0,10,5
2025.0,서울,기존,상명대학교,6891.0,17.0,610.0,13,0
2025.0,서울,기존,상명대학교,6891.0,3.0,610.0,0,0
2025.0,서울,기존,상명대학교,6891.0,18.0,610.0,2,0
2025.0,서울,기존,상명대학교,6891.0,4.0,610.0,0,0
2025.0,서울,기존,상명대학교,6891.0,3.0,610.0,0,0
2025.0,서울,기존,상명대학교,6891.0,5.0,610.0,0,0
2025.0,서울,기존,상명대학교,6891.0,12.0,610.0,13,0
2025.0,서울,기존,상명대학교,6891.0,24.0,610.0,45,0
2025.0,서울,기존,상명대학교,6891.0,58.0,610.0,0,0
2025.0,서울,기존,상명대학교,6891.0,1.0,610.0,0,0
2025.0,서울,기존,상명대학교,6891.0,57.0,610.0,0,0
2025.0,충남,기존,상명대학교_제2캠퍼스,5638.0,311.0,1095.0,0,0
2025.0,충남,기존,상명대학교_제2캠퍼스,5638.0,15.0,1095.0,0,0
2025.0,충남,기존,상명대학교_제2캠퍼스,5638.0,107.0,1095.0,0,0
2025.0,충남,기존,상명대학교_제2캠퍼스,5638.0,18.0,1095.0,0,0
2025.0,충남,기존,상명대학교_제2캠퍼스,5638.0,19.0,1095.0,1,0
2025.0,충남,기존,상명대학교_제2캠퍼스,5638.0,50.0,1095.0,41,0
2025.0,충남,기존,상명대학교_제2캠퍼스,5638.0,18.0,1095.0,0,0
2025.0,강원,기존,상지대학교,5896.0,209.0,1764.0,0,0
2025.0,강원,기존,상지대학교,5896.0,463.0,1764.0,0,0
2025.0,강원,기존,상지대학교,5896.0,184.0,1764.0,35,4
2025.0,서울,기존,서강대학교,11217.0,14.0,1264.0,0,0
2025.0,서울,기존,서강대학교,11217.0,447.0,1264.0,212,120
2025.0,서울,기존,서강대학교,11217.0,80.0,1264.0,0,0
2025.0,서울,기존,서강대학교,11217.0,7.0,1264.0,0,0
2025.0,서울,기존,서경대학교,6686.0,57.0,814.0,15,12
2025.0,서울,기존,서경대학교,6686.0,154.0,814.0,134,61
2025.0,서울,기존,서경대학교,6686.0,4.0,814.0,0,0
2025.0,서울,기존,서경대학교,6686.0,20.0,814.0,0,0
2025.0,서울,기존,서경대학교,6686.0,22.0,814.0,0,27
2025.0,서울,기존,서울과학기술대학교,11355.0,75.0,2581.0,101,0
2025.0,서울,기존,서울과학기술대학교,11355.0,152.0,2581.0,197,89
2025.0,서울,기존,서울과학기술대학교,11355.0,83.0,2581.0,0,0
2025.0,서울,기존,서울과학기술대학교,11355.0,22.0,2581.0,0,0
2025.0,서울,기존,서울과학기술대학교,11355.0,202.0,2581.0,112,66
2025.0,서울,기존,서울과학기술대학교,11355.0,227.0,2581.0,0,0
2025.0,서울,기존,서울과학기술대학교,11355.0,140.0,2581.0,0,0
2025.0,서울,기존,서울과학기술대학교,11355.0,274.0,2581.0,0,0
2025.0,서울,기존,서울교육대학교,1443.0,230.0,848.0,2,0
2025.0,서울,기존,서울교육대학교,1443.0,218.0,848.0,4,0
2025.0,서울,기존,서울기독대학교,1404.0,23.0,89.0,0,0
2025.0,서울,기존,서울대학교,29613.0,170.0,6713.0,0,0
2025.0,서울,기존,서울대학교,29613.0,121.0,6713.0,9,0
2025.0,서울,기존,서울대학교,29613.0,507.0,6713.0,6,19
2025.0,서울,기존,서울대학교,29613.0,163.0,6713.0,20,0
2025.0,서울,기존,서울대학교,29613.0,306.0,6713.0,13,0
2025.0,서울,기존,서울대학교,29613.0,1016.0,6713.0,391,0
2025.0,서울,기존,서울대학교,29613.0,200.0,6713.0,39,0
2025.0,서울,기존,서울대학교,29613.0,116.0,6713.0,127,0
2025.0,서울,기존,서울대학교,29613.0,211.0,6713.0,0,0
2025.0,서울,기존,서울대학교,29613.0,72.0,6713.0,0,0
2025.0,서울,기존,서울대학교,29613.0,114.0,6713.0,32,0
2025.0,서울,기존,서울대학교,29613.0,95.0,6713.0,16,0
2025.0,서울,기존,서울대학교,29613.0,272.0,6713.0,342,0
2025.0,서울,기존,서울대학교,29613.0,56.0,6713.0,14,0
2025.0,서울,기존,서울시립대학교,10498.0,314.0,1170.0,51,20
2025.0,서울,기존,서울시립대학교,10498.0,520.0,1170.0,305,0
2025.0,서울,기존,서울시립대학교,10498.0,6.0,1170.0,0,0
2025.0,서울,기존,서울시립대학교,10498.0,2.0,1170.0,0,0
2025.0,경기,기존,서울신학대학교,2684.0,34.0,380.0,2,0
2025.0,경기,기존,서울신학대학교,2684.0,64.0,380.0,0,103
2025.0,경기,기존,서울신학대학교,2684.0,44.0,380.0,1,0
2025.0,서울,기존,서울여자대학교,7920.0,20.0,915.0,0,43
2025.0,서울,기존,서울여자대학교,7920.0,6.0,915.0,0,0
2025.0,서울,기존,서울여자대학교,7920.0,9.0,915.0,0,0
2025.0,서울,기존,서울여자대학교,7920.0,5.0,915.0,0,0
2025.0,서울,기존,서울여자대학교,7920.0,97.0,915.0,80,0
2025.0,서울,기존,서울여자대학교,7920.0,217.0,915.0,0,0
2025.0,경기,기존,서울장신대학교,412.0,56.0,217.0,1,0
2025.0,서울,기존,서울한영대학교,855.0,24.0,108.0,0,0
2025.0,충북,기존,서원대학교,7579.0,299.0,964.0,11,19
2025.0,충북,기존,서원대학교,7579.0,39.0,964.0,0,0
2025.0,충북,기존,서원대학교,7579.0,43.0,964.0,0,0
2025.0,충남,기존,선문대학교,8814.0,299.0,2704.0,52,209
2025.0,충남,기존,선문대학교,8814.0,62.0,2704.0,92,0
2025.0,충남,기존,선문대학교,8814.0,319.0,2704.0,118,138
2025.0,충남,기존,선문대학교,8814.0,69.0,2704.0,153,0
2025.0,충남,기존,선문대학교,8814.0,95.0,2704.0,0,0
2025.0,충남,기존,선문대학교,8814.0,118.0,2704.0,54,32
2025.0,충남,기존,선문대학교,8814.0,79.0,2704.0,6,0
2025.0,충남,기존,선문대학교,8814.0,83.0,2704.0,0,0
2025.0,경기,기존,성결대학교,5359.0,13.0,593.0,0,0
2025.0,경기,기존,성결대학교,5359.0,16.0,593.0,0,0
2025.0,경기,기존,성결대학교,5359.0,24.0,593.0,2,1
2025.0,경기,기존,성결대학교,5359.0,2.0,593.0,0,0
2025.0,경기,기존,성결대학교,5359.0,6.0,593.0,0,0
2025.0,경기,기존,성결대학교,5359.0,11.0,593.0,0,0
2025.0,경기,기존,성결대학교,5359.0,5.0,593.0,0,0
2025.0,경기,기존,성결대학교,5359.0,37.0,593.0,0,0
2025.0,경기,기존,성결대학교,5359.0,6.0,593.0,0,0
2025.0,경기,기존,성결대학교,5359.0,13.0,593.0,0,0
2025.0,경기,기존,성결대학교,5359.0,6.0,593.0,0,0
2025.0,경기,기존,성결대학교,5359.0,5.0,593.0,0,0
2025.0,경기,기존,성결대학교,5359.0,4.0,593.0,0,0
2025.0,경기,기존,성결대학교,5359.0,10.0,593.0,0,2
2025.0,경기,기존,성결대학교,5359.0,6.0,593.0,0,0
2025.0,서울,기존,성공회대학교,2293.0,170.0,444.0,97,6
2025.0,서울,기존,성공회대학교,2293.0,53.0,444.0,16,0
2025.0,서울,기존,성균관대학교,25782.0,48.0,5218.0,77,0
2025.0,서울,기존,성균관대학교,25782.0,30.0,5218.0,0,0
2025.0,서울,기존,성균관대학교,25782.0,47.0,5218.0,90,0
2025.0,서울,기존,성균관대학교,25782.0,35.0,5218.0,3,0
2025.0,서울,기존,성균관대학교,25782.0,40.0,5218.0,56,0
2025.0,서울,기존,성균관대학교,25782.0,1141.0,5218.0,153,26
2025.0,서울,기존,성균관대학교,25782.0,463.0,5218.0,17,0
2025.0,서울,기존,성균관대학교,25782.0,100.0,5218.0,86,0
2025.0,서울,기존,성균관대학교,25782.0,125.0,5218.0,21,0
2025.0,서울,기존,성균관대학교,25782.0,170.0,5218.0,61,0
2025.0,서울,기존,성균관대학교,25782.0,171.0,5218.0,12,0
2025.0,서울,기존,성균관대학교,25782.0,106.0,5218.0,10,0
2025.0,서울,기존,성균관대학교,25782.0,30.0,5218.0,0,0
2025.0,서울,기존,성균관대학교,25782.0,204.0,5218.0,68,0
2025.0,서울,기존,성신여자대학교,9761.0,39.0,993.0,0,0
2025.0,서울,기존,성신여자대학교,9761.0,65.0,993.0,0,0
2025.0,서울,기존,성신여자대학교,9761.0,28.0,993.0,1,54
2025.0,서울,기존,성신여자대학교,9761.0,56.0,993.0,3,31
2025.0,서울,기존,성신여자대학교,9761.0,16.0,993.0,0,0
2025.0,서울,기존,성신여자대학교,9761.0,18.0,993.0,0,0
2025.0,서울,기존,성신여자대학교,9761.0,50.0,993.0,0,0
2025.0,서울,기존,성신여자대학교,9761.0,40.0,993.0,8,0
2025.0,서울,기존,성신여자대학교,9761.0,23.0,993.0,3,41
2025.0,서울,기존,성신여자대학교,9761.0,25.0,993.0,5,34
2025.0,서울,기존,성신여자대학교,9761.0,20.0,993.0,0,33
2025.0,서울,기존,성신여자대학교,9761.0,4.0,993.0,0,0
2025.0,서울,기존,성신여자대학교,9761.0,22.0,993.0,10,30
2025.0,서울,기존,성신여자대학교,9761.0,15.0,993.0,0,0
2025.0,서울,기존,성신여자대학교,9761.0,12.0,993.0,6,20
2025.0,서울,기존,성신여자대학교,9761.0,15.0,993.0,0,0
2025.0,서울,기존,성신여자대학교,9761.0,8.0,993.0,0,0
2025.0,충북,기존,세명대학교,5766.0,106.0,3320.0,0,0
2025.0,충북,기존,세명대학교,5766.0,122.0,3320.0,0,0
2025.0,충북,기존,세명대학교,5766.0,239.0,3320.0,79,82
2025.0,충북,기존,세명대학교,5766.0,311.0,3320.0,0,0
2025.0,충북,기존,세명대학교,5766.0,100.0,3320.0,0,0
2025.0,충북,기존,세명대학교,5766.0,179.0,3320.0,67,48
2025.0,서울,기존,세종대학교,15333.0,26.0,1751.0,49,0
2025.0,서울,기존,세종대학교,15333.0,6.0,1751.0,6,0
2025.0,서울,기존,세종대학교,15333.0,2.0,1751.0,6,0
2025.0,서울,기존,세종대학교,15333.0,19.0,1751.0,16,0
2025.0,서울,기존,세종대학교,15333.0,7.0,1751.0,0,0
2025.0,서울,기존,세종대학교,15333.0,10.0,1751.0,17,0
2025.0,서울,기존,세종대학교,15333.0,4.0,1751.0,0,0
2025.0,서울,기존,세종대학교,15333.0,3.0,1751.0,3,0
2025.0,서울,기존,세종대학교,15333.0,3.0,1751.0,5,0
2025.0,서울,기존,세종대학교,15333.0,3.0,1751.0,6,6
2025.0,서울,기존,세종대학교,15333.0,5.0,1751.0,10,0
2025.0,서울,기존,세종대학교,15333.0,26.0,1751.0,51,0
2025.0,서울,기존,세종대학교,15333.0,8.0,1751.0,10,0
2025.0,서울,기존,세종대학교,15333.0,360.0,1751.0,0,0
2025.0,서울,기존,세종대학교,15333.0,4.0,1751.0,4,0
2025.0,서울,기존,세종대학교,15333.0,4.0,1751.0,7,0
2025.0,서울,기존,세종대학교,15333.0,16.0,1751.0,44,0
2025.0,서울,기존,세종대학교,15333.0,27.0,1751.0,0,0
2025.0,서울,기존,세종대학교,15333.0,4.0,1751.0,9,0
2025.0,서울,기존,세종대학교,15333.0,5.0,1751.0,20,0
2025.0,서울,기존,세종대학교,15333.0,8.0,1751.0,0,0
2025.0,서울,기존,세종대학교,15333.0,3.0,1751.0,0,0
2025.0,서울,기존,세종대학교,15333.0,8.0,1751.0,15,0
2025.0,서울,기존,세종대학교,15333.0,10.0,1751.0,10,0
2025.0,서울,기존,세종대학교,15333.0,8.0,1751.0,9,0
2025.0,서울,기존,세종대학교,15333.0,7.0,1751.0,10,0
2025.0,서울,기존,세종대학교,15333.0,3.0,1751.0,7,0
2025.0,서울,기존,세종대학교,15333.0,3.0,1751.0,9,0
2025.0,서울,기존,세종대학교,15333.0,82.0,1751.0,173,94
2025.0,서울,기존,세종대학교,15333.0,1.0,1751.0,4,0
2025.0,서울,기존,세종대학교,15333.0,3.0,1751.0,12,0
2025.0,서울,기존,세종대학교,15333.0,3.0,1751.0,10,0
2025.0,서울,기존,세종대학교,15333.0,14.0,1751.0,0,2
2025.0,전남,기존,세한대학교,3655.0,126.0,1349.0,76,0
2025.0,전남,기존,세한대학교,3655.0,157.0,1349.0,1,0
2025.0,전남,기존,세한대학교,3655.0,159.0,1349.0,83,0
2025.0,전남,기존,세한대학교,3655.0,78.0,1349.0,0,0
2025.0,전남,기존,세한대학교,3655.0,116.0,1349.0,4,0
2025.0,광주,기존,송원대학교,2581.0,10.0,430.0,0,0
2025.0,광주,기존,송원대학교,2581.0,99.0,430.0,0,0
2025.0,광주,기존,송원대학교,2581.0,16.0,430.0,0,0
2025.0,광주,기존,송원대학교,2581.0,16.0,430.0,0,0
2025.0,광주,기존,송원대학교,2581.0,12.0,430.0,0,0
2025.0,광주,기존,송원대학교,2581.0,16.0,430.0,51,0
2025.0,경기,기존,수원가톨릭대학교,145.0,126.0,249.0,3,0
2025.0,경기,기존,수원대학교,8617.0,69.0,1054.0,0,0
2025.0,경기,기존,수원대학교,8617.0,396.0,1054.0,10,3
2025.0,서울,기존,숙명여자대학교,10625.0,10.0,1279.0,0,0
2025.0,서울,기존,숙명여자대학교,10625.0,84.0,1279.0,0,0
2025.0,서울,기존,숙명여자대학교,10625.0,8.0,1279.0,0,0
2025.0,서울,기존,숙명여자대학교,10625.0,12.0,1279.0,0,0
2025.0,서울,기존,숙명여자대학교,10625.0,11.0,1279.0,0,0
2025.0,서울,기존,숙명여자대학교,10625.0,13.0,1279.0,0,0
2025.0,서울,기존,숙명여자대학교,10625.0,50.0,1279.0,158,0
2025.0,서울,기존,숙명여자대학교,10625.0,16.0,1279.0,0,0
2025.0,서울,기존,숙명여자대학교,10625.0,48.0,1279.0,0,0
2025.0,서울,기존,숙명여자대학교,10625.0,21.0,1279.0,0,0
2025.0,서울,기존,숙명여자대학교,10625.0,32.0,1279.0,33,9
2025.0,서울,기존,숙명여자대학교,10625.0,278.0,1279.0,0,0
2025.0,충북,기존,순복음총회신학교,137.0,16.0,160.0,0,0
2025.0,충남,기존,순천향대학교,11406.0,522.0,4419.0,0,0
2025.0,충남,기존,순천향대학교,11406.0,125.0,4419.0,0,0
2025.0,충남,기존,순천향대학교,11406.0,26.0,4419.0,33,0
2025.0,충남,기존,순천향대학교,11406.0,70.0,4419.0,24,0
2025.0,충남,기존,순천향대학교,11406.0,145.0,4419.0,0,0
2025.0,충남,기존,순천향대학교,11406.0,240.0,4419.0,260,91
2025.0,충남,기존,순천향대학교,11406.0,7.0,4419.0,0,0
2025.0,충남,기존,순천향대학교,11406.0,492.0,4419.0,0,0
2025.0,충남,기존,순천향대학교,11406.0,262.0,4419.0,0,0
2025.0,충남,기존,순천향대학교,11406.0,12.0,4419.0,0,0
2025.0,충남,기존,순천향대학교,11406.0,18.0,4419.0,0,0
2025.0,충남,기존,순천향대학교,11406.0,99.0,4419.0,74,0
2025.0,서울,기존,숭실대학교,15029.0,699.0,1736.0,200,162
2025.0,서울,기존,숭실대학교,15029.0,10.0,1736.0,1,0
2025.0,서울,기존,숭실대학교,15029.0,9.0,1736.0,24,0
2025.0,서울,기존,숭실대학교,15029.0,11.0,1736.0,0,0
2025.0,서울,기존,숭실대학교,15029.0,52.0,1736.0,0,0
2025.0,서울,기존,숭실대학교,15029.0,30.0,1736.0,0,66
2025.0,서울,기존,숭실대학교,15029.0,11.0,1736.0,28,0
2025.0,경북,기존,신경주대학교,1471.0,0.0,274.0,0,0
2025.0,경북,기존,신경주대학교,1471.0,203.0,274.0,0,131
2025.0,부산,기존,신라대학교,7323.0,78.0,884.0,14,87
2025.0,부산,기존,신라대학교,7323.0,169.0,884.0,74,98
2025.0,부산,기존,신라대학교,7323.0,105.0,884.0,42,36
2025.0,경기,기존,신한대학교,693.0,134.0,704.0,117,41
2025.0,경기,기존,신한대학교,693.0,4.0,704.0,0,0
2025.0,경기,기존,신한대학교,693.0,55.0,704.0,0,0
2025.0,경기,기존,신한대학교_제2캠퍼스,5801.0,18.0,268.0,29,20
2025.0,경기,기존,신한대학교_제2캠퍼스,5801.0,100.0,268.0,9,7
2025.0,경기,기존,아신대학교,447.0,53.0,212.0,56,27
2025.0,경기,기존,아주대학교,11547.0,368.0,3279.0,0,0
2025.0,경기,기존,아주대학교,11547.0,138.0,3279.0,0,0
2025.0,경기,기존,아주대학교,11547.0,174.0,3279.0,100,68
2025.0,경기,기존,아주대학교,11547.0,152.0,3279.0,293,75
2025.0,경기,기존,아주대학교,11547.0,154.0,3279.0,0,0
2025.0,경기,기존,아주대학교,11547.0,204.0,3279.0,140,0
2025.0,경기,기존,안양대학교,4526.0,6.0,310.0,5,0
2025.0,경기,기존,안양대학교,4526.0,16.0,310.0,0,0
2025.0,경기,기존,안양대학교,4526.0,56.0,310.0,29,0
2025.0,인천,기존,안양대학교_제2캠퍼스,300.0,52.0,248.0,0,0
2025.0,강원,기존,연세대학교(미래)_분교,7449.0,187.0,4243.0,31,5
2025.0,강원,기존,연세대학교(미래)_분교,7449.0,120.0,4243.0,0,0
2025.0,강원,기존,연세대학교(미래)_분교,7449.0,200.0,4243.0,20,0
2025.0,강원,기존,연세대학교(미래)_분교,7449.0,98.0,4243.0,63,0
2025.0,강원,기존,연세대학교(미래)_분교,7449.0,304.0,4243.0,93,45
2025.0,강원,기존,연세대학교(미래)_분교,7449.0,287.0,4243.0,30,7
2025.0,강원,기존,연세대학교(미래)_분교,7449.0,266.0,4243.0,31,11
2025.0,강원,기존,연세대학교(미래)_분교,7449.0,144.0,4243.0,2,0
2025.0,강원,기존,연세대학교(미래)_분교,7449.0,81.0,4243.0,9,0
2025.0,서울,기존,연세대학교,28672.0,20.0,10044.0,0,0
2025.0,서울,기존,연세대학교,28672.0,248.0,10044.0,10,5
2025.0,서울,기존,연세대학교,28672.0,174.0,10044.0,49,36
2025.0,서울,기존,연세대학교,28672.0,388.0,10044.0,6,568
2025.0,서울,기존,연세대학교,28672.0,131.0,10044.0,30,0
2025.0,서울,기존,연세대학교,28672.0,250.0,10044.0,54,38
2025.0,서울,기존,연세대학교,28672.0,116.0,10044.0,22,200
2025.0,서울,기존,연세대학교,28672.0,89.0,10044.0,0,0
2025.0,서울,기존,연세대학교,28672.0,302.0,10044.0,34,0
2025.0,서울,기존,연세대학교,28672.0,188.0,10044.0,38,0
2025.0,서울,기존,연세대학교,28672.0,220.0,10044.0,46,0
2025.0,서울,기존,연세대학교,28672.0,1163.0,10044.0,516,0
2025.0,서울,기존,연세대학교,28672.0,966.0,10044.0,220,0
2025.0,경북,기존,영남대학교,21934.0,57.0,3068.0,0,0
2025.0,경북,기존,영남대학교,21934.0,155.0,3068.0,0,0
2025.0,경북,기존,영남대학교,21934.0,57.0,3068.0,0,0
2025.0,경북,기존,영남대학교,21934.0,45.0,3068.0,0,0
2025.0,경북,기존,영남대학교,21934.0,129.0,3068.0,0,0
2025.0,경북,기존,영남대학교,21934.0,86.0,3068.0,10,0
2025.0,경북,기존,영남대학교,21934.0,75.0,3068.0,0,0
2025.0,경북,기존,영남대학교,21934.0,77.0,3068.0,86,52
2025.0,경북,기존,영남대학교,21934.0,70.0,3068.0,0,0
2025.0,경북,기존,영남대학교,21934.0,392.0,3068.0,0,0
2025.0,경북,기존,영남대학교,21934.0,155.0,3068.0,0,0
2025.0,경북,기존,영남대학교,21934.0,121.0,3068.0,240,0
2025.0,경북,기존,영남대학교,21934.0,31.0,3068.0,26,2
2025.0,경북,기존,영남대학교,21934.0,40.0,3068.0,0,0
2025.0,경북,기존,영남신학대학교,675.0,36.0,362.0,3,10
2025.0,경북,기존,영남신학대학교,675.0,76.0,362.0,0,0
2025.0,경남,기존,영산대학교(양산)_제2캠퍼스,2751.0,72.0,621.0,0,0
2025.0,경남,기존,영산대학교(양산)_제2캠퍼스,2751.0,88.0,621.0,0,0
2025.0,경남,기존,영산대학교(양산)_제2캠퍼스,2751.0,43.0,621.0,0,0
2025.0,부산,기존,영산대학교(해운대),3058.0,12.0,714.0,0,0
2025.0,부산,기존,영산대학교(해운대),3058.0,131.0,714.0,0,0
2025.0,부산,기존,영산대학교(해운대),3058.0,113.0,714.0,260,0
2025.0,전남,기존,영산선학대학교,23.0,8.0,118.0,0,0
2025.0,전남,기존,영산선학대학교,23.0,12.0,118.0,0,0
2025.0,전남,기존,영산선학대학교,23.0,5.0,118.0,0,0
2025.0,전남,기존,영산선학대학교,23.0,10.0,118.0,2,0
2025.0,전북,기존,예수대학교,490.0,39.0,59.0,0,0
2025.0,전북,기존,예원예술대학교,537.0,0.0,0.0,0,0
2025.0,경기,기존,예원예술대학교_제2캠퍼스,699.0,70.0,140.0,0,0
2025.0,경기,기존,용인대학교,5537.0,72.0,645.0,0,0
2025.0,경기,기존,용인대학교,5537.0,33.0,645.0,0,0
2025.0,경기,기존,용인대학교,5537.0,145.0,645.0,0,0
2025.0,전북,기존,우석대학교,7245.0,165.0,1867.0,65,0
2025.0,전북,기존,우석대학교,7245.0,25.0,1867.0,0,0
2025.0,전북,기존,우석대학교,7245.0,157.0,1867.0,77,0
2025.0,전북,기존,우석대학교,7245.0,366.0,1867.0,98,0
2025.0,전북,기존,우석대학교,7245.0,118.0,1867.0,1,0
2025.0,전북,기존,우석대학교,7245.0,116.0,1867.0,0,0
2025.0,대전,기존,우송대학교,10148.0,107.0,1811.0,77,0
2025.0,대전,기존,우송대학교,10148.0,26.0,1811.0,0,24
2025.0,대전,기존,우송대학교,10148.0,201.0,1811.0,0,0
2025.0,대전,기존,우송대학교,10148.0,73.0,1811.0,9,0
2025.0,대전,기존,우송대학교,10148.0,87.0,1811.0,121,0
2025.0,대전,기존,우송대학교,10148.0,359.0,1811.0,360,26
2025.0,울산,기존,울산과학기술원,4169.0,728.0,2744.0,35,0
2025.0,울산,기존,울산과학기술원,4169.0,384.0,2744.0,0,0
2025.0,울산,기존,울산과학기술원,4169.0,526.0,2744.0,63,0
2025.0,울산,기존,울산과학기술원,4169.0,306.0,2744.0,56,0
2025.0,울산,기존,울산대학교,11498.0,154.0,2609.0,0,0
2025.0,울산,기존,울산대학교,11498.0,223.0,2609.0,0,0
2025.0,울산,기존,울산대학교,11498.0,345.0,2609.0,0,0
2025.0,울산,기존,울산대학교,11498.0,117.0,2609.0,57,49
2025.0,울산,기존,울산대학교,11498.0,254.0,2609.0,0,0
2025.0,전북,기존,원광대학교,13461.0,75.0,3627.0,0,0
2025.0,전북,기존,원광대학교,13461.0,40.0,3627.0,0,0
2025.0,전북,기존,원광대학교,13461.0,95.0,3627.0,0,0
2025.0,전북,기존,원광대학교,13461.0,120.0,3627.0,0,0
2025.0,전북,기존,원광대학교,13461.0,123.0,3627.0,0,0
2025.0,전북,기존,원광대학교,13461.0,464.0,3627.0,0,0
2025.0,전북,기존,원광대학교,13461.0,106.0,3627.0,23,1
2025.0,전북,기존,원광대학교,13461.0,315.0,3627.0,0,0
2025.0,전북,기존,원광대학교,13461.0,235.0,3627.0,66,7
2025.0,전북,기존,원광대학교,13461.0,60.0,3627.0,0,0
2025.0,전북,기존,원광대학교,13461.0,174.0,3627.0,70,0
2025.0,경북,기존,위덕대학교,2186.0,42.0,539.0,0,0
2025.0,경북,기존,위덕대학교,2186.0,62.0,539.0,0,0
2025.0,경북,기존,위덕대학교,2186.0,47.0,539.0,0,0
2025.0,충북,기존,유원대학교,3404.0,84.0,1015.0,4,58
2025.0,충북,기존,유원대학교,3404.0,40.0,1015.0,0,0
2025.0,충북,기존,유원대학교,3404.0,33.0,1015.0,0,0
2025.0,충북,기존,유원대학교,3404.0,24.0,1015.0,0,0
2025.0,충북,기존,유원대학교,3404.0,34.0,1015.0,0,0
2025.0,충북,기존,유원대학교,3404.0,57.0,1015.0,0,0
2025.0,대전,기존,을지대학교,357.0,60.0,120.0,0,0
2025.0,경기,기존,을지대학교_제2캠퍼스,3656.0,254.0,500.0,19,0
2025.0,경기,기존,을지대학교_제3캠퍼스,942.0,119.0,210.0,0,0
2025.0,서울,기존,이화여자대학교,20730.0,324.0,4370.0,33,0
2025.0,서울,기존,이화여자대학교,20730.0,5.0,4370.0,0,0
2025.0,서울,기존,이화여자대학교,20730.0,325.0,4370.0,18,0
2025.0,서울,기존,이화여자대학교,20730.0,499.0,4370.0,119,0
2025.0,서울,기존,이화여자대학교,20730.0,248.0,4370.0,94,233
2025.0,서울,기존,이화여자대학교,20730.0,138.0,4370.0,24,0
2025.0,서울,기존,이화여자대학교,20730.0,332.0,4370.0,116,0
2025.0,서울,기존,이화여자대학교,20730.0,75.0,4370.0,12,89
2025.0,서울,기존,이화여자대학교,20730.0,17.0,4370.0,0,0
2025.0,서울,기존,이화여자대학교,20730.0,72.0,4370.0,0,103
2025.0,서울,기존,이화여자대학교,20730.0,99.0,4370.0,0,0
2025.0,서울,기존,이화여자대학교,20730.0,348.0,4370.0,69,0
2025.0,경남,기존,인제대학교,6775.0,229.0,1801.0,21,39
2025.0,경남,기존,인제대학교,6775.0,27.0,1801.0,0,0
2025.0,경남,기존,인제대학교,6775.0,423.0,1801.0,0,0
2025.0,경남,기존,인제대학교,6775.0,28.0,1801.0,0,0
2025.0,경남,기존,인제대학교,6775.0,69.0,1801.0,2,114
2025.0,부산,기존,인제대학교_제2캠퍼스,673.0,4.0,120.0,5,2
2025.0,부산,기존,인제대학교_제2캠퍼스,673.0,6.0,120.0,2,0
2025.0,부산,기존,인제대학교_제2캠퍼스,673.0,36.0,120.0,0,0
2025.0,부산,기존,인제대학교_제2캠퍼스,673.0,3.0,120.0,3,0
2025.0,부산,기존,인제대학교_제2캠퍼스,673.0,18.0,120.0,0,0
2025.0,인천,기존,인천가톨릭대학교,779.0,123.0,192.0,6,0
2025.0,인천,기존,인천가톨릭대학교,779.0,10.0,192.0,2,0
2025.0,인천,기존,인천대학교,12047.0,279.0,2676.0,298,0
2025.0,인천,기존,인천대학교,12047.0,500.0,2676.0,0,0
2025.0,인천,기존,인천대학교,12047.0,565.0,2676.0,1,0
2025.0,인천,기존,인하대학교,19415.0,46.0,2406.0,3,0
2025.0,인천,기존,인하대학교,19415.0,373.0,2406.0,196,65
2025.0,인천,기존,인하대학교,19415.0,258.0,2406.0,0,0
2025.0,서울,기존,장로회신학대학교,1970.0,81.0,642.0,2,0
2025.0,서울,기존,장로회신학대학교,1970.0,24.0,642.0,2,0
2025.0,서울,기존,장로회신학대학교,1970.0,72.0,642.0,11,0
2025.0,광주,기존,전남대학교,19926.0,450.0,4627.0,9,4
2025.0,광주,기존,전남대학교,19926.0,144.0,4627.0,37,1
2025.0,광주,기존,전남대학교,19926.0,222.0,4627.0,87,5
2025.0,광주,기존,전남대학교,19926.0,1582.0,4627.0,98,66
2025.0,광주,기존,전남대학교,19926.0,200.0,4627.0,2,0
2025.0,전남,기존,전남대학교_제2캠퍼스,2921.0,69.0,966.0,2,0
2025.0,전남,기존,전남대학교_제2캠퍼스,2921.0,216.0,966.0,63,0
2025.0,전남,기존,전남대학교_제2캠퍼스,2921.0,198.0,966.0,50,0
2025.0,전북,기존,전북대학교,20520.0,259.0,5056.0,1,0
2025.0,전북,기존,전북대학교,20520.0,405.0,5056.0,12,0
2025.0,전북,기존,전북대학교,20520.0,484.0,5056.0,0,0
2025.0,전북,기존,전북대학교,20520.0,911.0,5056.0,395,98
2025.0,전북,기존,전북대학교,20520.0,146.0,5056.0,16,0
2025.0,전북,기존,전북대학교,20520.0,242.0,5056.0,0,0
2025.0,전북,기존,전북대학교,20520.0,101.0,5056.0,2,0
2025.0,전북,기존,전주교육대학교,1057.0,112.0,448.0,0,0
2025.0,전북,기존,전주교육대학교,1057.0,132.0,448.0,0,0
2025.0,전북,기존,전주대학교,10290.0,149.0,1859.0,0,0
2025.0,전북,기존,전주대학교,10290.0,295.0,1859.0,7,0
2025.0,전북,기존,전주대학교,10290.0,446.0,1859.0,0,0
2025.0,제주,기존,제주국제대학교,263.0,30.0,120.0,0,0
2025.0,제주,기존,제주대학교,10328.0,11.0,2862.0,6,0
2025.0,제주,기존,제주대학교,10328.0,500.0,2862.0,39,58
2025.0,제주,기존,제주대학교,10328.0,312.0,2862.0,42,2
2025.0,제주,기존,제주대학교,10328.0,450.0,2862.0,35,15
2025.0,제주,기존,제주대학교,10328.0,49.0,2862.0,0,0
2025.0,제주,기존,제주대학교,10328.0,234.0,2862.0,33,18
2025.0,제주,기존,제주대학교,10328.0,50.0,2862.0,0,0
2025.0,광주,기존,조선대학교,18712.0,14.0,2355.0,13,4
2025.0,광주,기존,조선대학교,18712.0,1.0,2355.0,0,0
2025.0,광주,기존,조선대학교,18712.0,1.0,2355.0,0,0
2025.0,광주,기존,조선대학교,18712.0,1.0,2355.0,0,0
2025.0,광주,기존,조선대학교,18712.0,1.0,2355.0,0,0
2025.0,광주,기존,조선대학교,18712.0,1.0,2355.0,0,0
2025.0,광주,기존,조선대학교,18712.0,61.0,2355.0,1,0
2025.0,광주,기존,조선대학교,18712.0,14.0,2355.0,19,5
2025.0,광주,기존,조선대학교,18712.0,47.0,2355.0,0,0
2025.0,광주,기존,조선대학교,18712.0,502.0,2355.0,9,19
2025.0,광주,기존,조선대학교,18712.0,256.0,2355.0,6,0
2025.0,광주,기존,조선대학교,18712.0,257.0,2355.0,0,0
2025.0,광주,기존,조선대학교,18712.0,1.0,2355.0,5,0
2025.0,광주,기존,조선대학교,18712.0,1.0,2355.0,0,0
2025.0,광주,기존,조선대학교,18712.0,1.0,2355.0,0,0
2025.0,광주,기존,조선대학교,18712.0,1.0,2355.0,0,0
2025.0,광주,기존,조선대학교,18712.0,1.0,2355.0,0,0
2025.0,광주,기존,조선대학교,18712.0,1.0,2355.0,0,0
2025.0,충남,기존,중부대학교,8040.0,5.0,1702.0,0,0
2025.0,충남,기존,중부대학교,8040.0,377.0,1702.0,149,163
2025.0,충남,기존,중부대학교,8040.0,99.0,1702.0,8,0
2025.0,서울,기존,중앙대학교,21202.0,711.0,2687.0,423,0
2025.0,서울,기존,중앙대학교,21202.0,446.0,2687.0,138,22
2025.0,서울,기존,중앙대학교,21202.0,7.0,2687.0,0,0
2025.0,서울,기존,중앙대학교,21202.0,2.0,2687.0,0,0
2025.0,서울,기존,중앙대학교,21202.0,54.0,2687.0,0,89
2025.0,서울,기존,중앙대학교,21202.0,79.0,2687.0,0,0
2025.0,경기,기존,중앙대학교_제2캠퍼스,5308.0,16.0,2034.0,0,0
2025.0,경기,기존,중앙대학교_제2캠퍼스,5308.0,177.0,2034.0,0,0
2025.0,경기,기존,중앙대학교_제2캠퍼스,5308.0,114.0,2034.0,69,6
2025.0,경기,기존,중앙대학교_제2캠퍼스,5308.0,176.0,2034.0,24,0
2025.0,경기,기존,중앙대학교_제2캠퍼스,5308.0,181.0,2034.0,0,0
2025.0,경기,기존,중앙대학교_제2캠퍼스,5308.0,114.0,2034.0,35,5
2025.0,경기,기존,중앙대학교_제2캠퍼스,5308.0,45.0,2034.0,0,0
2025.0,경기,기존,중앙대학교_제2캠퍼스,5308.0,191.0,2034.0,0,0
2025.0,경기,기존,중앙승가대학교,107.0,165.0,322.0,0,0
2025.0,충북,기존,중원대학교,3444.0,1122.0,2094.0,79,8
2025.0,경남,기존,진주교육대학교,1168.0,132.0,390.0,0,0
2025.0,경남,기존,진주교육대학교,1168.0,63.0,390.0,0,0
2025.0,경기,기존,차의과학대학교,2820.0,6.0,680.0,29,0
2025.0,경기,기존,차의과학대학교,2820.0,35.0,680.0,0,0
2025.0,경기,기존,차의과학대학교,2820.0,134.0,680.0,0,0
2025.0,경기,기존,차의과학대학교,2820.0,32.0,680.0,0,0
2025.0,경남,기존,창신대학교,1716.0,166.0,900.0,1,0
2025.0,경남,기존,창신대학교,1716.0,99.0,900.0,72,62
2025.0,경남,기존,창신대학교,1716.0,185.0,900.0,19,0
2025.0,충남,기존,청운대학교,5135.0,39.0,733.0,0,0
2025.0,충남,기존,청운대학교,5135.0,327.0,733.0,3,0
2025.0,충북,기존,청주교육대학교,1075.0,43.0,467.0,0,0
2025.0,충북,기존,청주교육대학교,1075.0,42.0,467.0,0,0
2025.0,충북,기존,청주교육대학교,1075.0,181.0,467.0,0,0
2025.0,충북,기존,청주교육대학교,1075.0,39.0,467.0,0,0
2025.0,충북,기존,청주대학교,12605.0,188.0,2414.0,350,26
2025.0,충북,기존,청주대학교,12605.0,101.0,2414.0,0,0
2025.0,충북,기존,청주대학교,12605.0,603.0,2414.0,488,28
2025.0,충북,기존,청주대학교,12605.0,131.0,2414.0,0,0
2025.0,전남,기존,초당대학교,2276.0,134.0,1220.0,17,0
2025.0,전남,기존,초당대학교,2276.0,167.0,1220.0,15,0
2025.0,전남,기존,초당대학교,2276.0,133.0,1220.0,0,0
2025.0,전남,기존,초당대학교,2276.0,176.0,1220.0,0,0
2025.0,서울,기존,총신대학교,2812.0,143.0,1289.0,12,0
2025.0,서울,기존,총신대학교,2812.0,46.0,1289.0,0,0
2025.0,서울,기존,총신대학교,2812.0,32.0,1289.0,1,0
2025.0,서울,기존,총신대학교,2812.0,63.0,1289.0,0,0
2025.0,서울,기존,총신대학교,2812.0,90.0,1289.0,7,0
2025.0,서울,기존,추계예술대학교,1255.0,9.0,182.0,0,0
2025.0,서울,기존,추계예술대학교,1255.0,24.0,182.0,29,0
2025.0,서울,기존,추계예술대학교,1255.0,3.0,182.0,0,0
2025.0,서울,기존,추계예술대학교,1255.0,13.0,182.0,8,0
2025.0,서울,기존,추계예술대학교,1255.0,9.0,182.0,0,0
2025.0,서울,기존,추계예술대학교,1255.0,7.0,182.0,0,0
2025.0,서울,기존,추계예술대학교,1255.0,3.0,182.0,0,0
2025.0,강원,기존,춘천교육대학교,1186.0,111.0,578.0,0,0
2025.0,강원,기존,춘천교육대학교,1186.0,274.0,578.0,0,0
2025.0,대전,기존,충남대학교,21701.0,132.0,4665.0,0,0
2025.0,대전,기존,충남대학교,21701.0,43.0,4665.0,12,0
2025.0,대전,기존,충남대학교,21701.0,132.0,4665.0,248,0
2025.0,대전,기존,충남대학교,21701.0,225.0,4665.0,0,0
2025.0,대전,기존,충남대학교,21701.0,95.0,4665.0,0,0
2025.0,대전,기존,충남대학교,21701.0,78.0,4665.0,1,0
2025.0,대전,기존,충남대학교,21701.0,142.0,4665.0,0,0
2025.0,대전,기존,충남대학교,21701.0,431.0,4665.0,0,0
2025.0,대전,기존,충남대학교,21701.0,211.0,4665.0,0,0
2025.0,대전,기존,충남대학교,21701.0,34.0,4665.0,0,0
2025.0,대전,기존,충남대학교,21701.0,276.0,4665.0,0,0
2025.0,대전,기존,충남대학교,21701.0,417.0,4665.0,0,0
2025.0,대전,기존,충남대학교,21701.0,197.0,4665.0,0,0
2025.0,대전,기존,충남대학교,21701.0,96.0,4665.0,2,0
2025.0,대전,기존,충남대학교,21701.0,100.0,4665.0,0,4
2025.0,충북,기존,충북대학교,15799.0,239.0,3861.0,161,32
2025.0,충북,기존,충북대학교,15799.0,682.0,3861.0,0,0
2025.0,충북,기존,충북대학교,15799.0,209.0,3861.0,0,0
2025.0,충북,기존,충북대학교,15799.0,809.0,3861.0,0,0
2025.0,경기,기존,칼빈대학교,2458.0,34.0,282.0,8,16
2025.0,경기,기존,칼빈대학교,2458.0,52.0,282.0,2,0
2025.0,경기,기존,평택대학교,3256.0,88.0,979.0,0,3
2025.0,경기,기존,평택대학교,3256.0,124.0,979.0,51,75
2025.0,경기,기존,평택대학교,3256.0,119.0,979.0,1,0
2025.0,경북,기존,포항공과대학교,3460.0,34.0,2971.0,0,0
2025.0,경북,기존,포항공과대학교,3460.0,37.0,2971.0,0,0
2025.0,경북,기존,포항공과대학교,3460.0,34.0,2971.0,0,0
2025.0,경북,기존,포항공과대학교,3460.0,34.0,2971.0,0,0
2025.0,경북,기존,포항공과대학교,3460.0,60.0,2971.0,0,0
2025.0,경북,기존,포항공과대학교,3460.0,59.0,2971.0,0,0
2025.0,경북,기존,포항공과대학교,3460.0,60.0,2971.0,0,0
2025.0,경북,기존,포항공과대학교,3460.0,23.0,2971.0,0,0
2025.0,경북,기존,포항공과대학교,3460.0,56.0,2971.0,8,0
2025.0,경북,기존,포항공과대학교,3460.0,71.0,2971.0,103,0
2025.0,경북,기존,포항공과대학교,3460.0,60.0,2971.0,0,0
2025.0,경북,기존,포항공과대학교,3460.0,67.0,2971.0,0,0
2025.0,경북,기존,포항공과대학교,3460.0,303.0,2971.0,0,0
2025.0,경북,기존,포항공과대학교,3460.0,60.0,2971.0,0,0
2025.0,경북,기존,포항공과대학교,3460.0,48.0,2971.0,6,0
2025.0,경북,기존,포항공과대학교,3460.0,75.0,2971.0,2,0
2025.0,경북,기존,포항공과대학교,3460.0,75.0,2971.0,0,0
2025.0,경북,기존,포항공과대학교,3460.0,75.0,2971.0,1,0
2025.0,경북,기존,포항공과대학교,3460.0,75.0,2971.0,9,0
2025.0,경북,기존,포항공과대학교,3460.0,34.0,2971.0,0,0
2025.0,경북,기존,포항공과대학교,3460.0,34.0,2971.0,0,0
2025.0,경북,기존,포항공과대학교,3460.0,37.0,2971.0,0,0
2025.0,경북,기존,포항공과대학교,3460.0,29.0,2971.0,1,0
2025.0,경북,기존,포항공과대학교,3460.0,60.0,2971.0,0,0
2025.0,경북,기존,포항공과대학교,3460.0,45.0,2971.0,1,0
2025.0,경북,기존,포항공과대학교,3460.0,149.0,2971.0,1,0
2025.0,경북,기존,포항공과대학교,3460.0,98.0,2971.0,1,0
2025.0,경북,기존,포항공과대학교,3460.0,37.0,2971.0,0,0
2025.0,경기,기존,한경국립대학교,5793.0,296.0,1433.0,7,18
2025.0,경기,기존,한경국립대학교,5793.0,201.0,1433.0,1,0
2025.0,경기,기존,한경국립대학교,5793.0,109.0,1433.0,0,0
2025.0,경기,기존,한경국립대학교,5793.0,39.0,1433.0,0,0
2025.0,경기,기존,한경국립대학교,5793.0,51.0,1433.0,0,0
2025.0,경기,기존,한경국립대학교,5793.0,38.0,1433.0,0,0
2025.0,경기,기존,한경국립대학교,5793.0,36.0,1433.0,0,0
2025.0,경기,기존,한경국립대학교,5793.0,36.0,1433.0,0,0
2025.0,경기,기존,한국공학대학교,6573.0,442.0,2335.0,0,0
2025.0,경기,기존,한국공학대학교,6573.0,646.0,2335.0,18,71
2025.0,대전,기존,한국과학기술원,12346.0,412.0,6814.0,46,0
2025.0,대전,기존,한국과학기술원,12346.0,175.0,6814.0,45,0
2025.0,대전,기존,한국과학기술원,12346.0,144.0,6814.0,74,0
2025.0,대전,기존,한국과학기술원,12346.0,164.0,6814.0,30,0
2025.0,대전,기존,한국과학기술원,12346.0,252.0,6814.0,25,0
2025.0,대전,기존,한국과학기술원,12346.0,196.0,6814.0,99,0
2025.0,대전,기존,한국과학기술원,12346.0,133.0,6814.0,66,0
2025.0,대전,기존,한국과학기술원,12346.0,136.0,6814.0,15,0
2025.0,대전,기존,한국과학기술원,12346.0,570.0,6814.0,68,0
2025.0,대전,기존,한국과학기술원,12346.0,134.0,6814.0,0,0
2025.0,대전,기존,한국과학기술원,12346.0,136.0,6814.0,20,0
2025.0,대전,기존,한국과학기술원,12346.0,244.0,6814.0,66,0
2025.0,대전,기존,한국과학기술원,12346.0,125.0,6814.0,46,0
2025.0,대전,기존,한국과학기술원,12346.0,135.0,6814.0,78,0
2025.0,대전,기존,한국과학기술원,12346.0,134.0,6814.0,19,0
2025.0,대전,기존,한국과학기술원,12346.0,249.0,6814.0,16,0
2025.0,대전,기존,한국과학기술원,12346.0,360.0,6814.0,25,0
2025.0,충북,기존,한국교원대학교,3405.0,48.0,2516.0,1,0
2025.0,충북,기존,한국교원대학교,3405.0,98.0,2516.0,33,0
2025.0,충북,기존,한국교원대학교,3405.0,137.0,2516.0,0,0
2025.0,충북,기존,한국교원대학교,3405.0,66.0,2516.0,0,0
2025.0,충북,기존,한국교원대학교,3405.0,117.0,2516.0,0,0
2025.0,충북,기존,한국교원대학교,3405.0,78.0,2516.0,0,0
2025.0,충북,기존,한국교원대학교,3405.0,59.0,2516.0,3,0
2025.0,충북,기존,한국교원대학교,3405.0,587.0,2516.0,0,0
2025.0,충남,기존,한국기술교육대학교,4515.0,178.0,2545.0,0,0
2025.0,충남,기존,한국기술교육대학교,4515.0,136.0,2545.0,0,0
2025.0,충남,기존,한국기술교육대학교,4515.0,97.0,2545.0,0,0
2025.0,충남,기존,한국기술교육대학교,4515.0,115.0,2545.0,74,34
2025.0,충남,기존,한국기술교육대학교,4515.0,52.0,2545.0,0,0
2025.0,충남,기존,한국기술교육대학교,4515.0,194.0,2545.0,0,0
2025.0,충남,기존,한국기술교육대학교,4515.0,140.0,2545.0,0,0
2025.0,충남,기존,한국기술교육대학교,4515.0,134.0,2545.0,0,0
2025.0,충남,기존,한국기술교육대학교,4515.0,130.0,2545.0,0,0
2025.0,충남,기존,한국기술교육대학교,4515.0,97.0,2545.0,0,0
2025.0,충남,기존,한국기술교육대학교,4515.0,177.0,2545.0,0,0
2025.0,서울,기존,한국성서대학교,968.0,43.0,172.0,4,0
2025.0,전남,기존,한국에너지공과대학교,310.0,182.0,522.0,0,0
2025.0,서울,기존,한국예술종합학교,3724.0,24.0,72.0,9,0
2025.0,서울,기존,한국외국어대학교,18834.0,18.0,3431.0,0,30
2025.0,서울,기존,한국외국어대학교,18834.0,2.0,3431.0,0,0
2025.0,서울,기존,한국외국어대학교,18834.0,195.0,3431.0,56,31
2025.0,서울,기존,한국외국어대학교,18834.0,26.0,3431.0,0,45
2025.0,서울,기존,한국외국어대학교,18834.0,11.0,3431.0,0,0
2025.0,서울,기존,한국외국어대학교,18834.0,7.0,3431.0,0,0
2025.0,서울,기존,한국외국어대학교,18834.0,320.0,3431.0,121,55
2025.0,서울,기존,한국외국어대학교,18834.0,1.0,3431.0,0,0
2025.0,서울,기존,한국외국어대학교,18834.0,15.0,3431.0,0,26
2025.0,서울,기존,한국외국어대학교,18834.0,197.0,3431.0,0,0
2025.0,서울,기존,한국외국어대학교,18834.0,326.0,3431.0,10,20
2025.0,서울,기존,한국외국어대학교,18834.0,337.0,3431.0,7,0
2025.0,서울,기존,한국외국어대학교,18834.0,116.0,3431.0,0,0
2025.0,서울,기존,한국외국어대학교,18834.0,72.0,3431.0,0,0
2025.0,충남,기존,한국전통문화대학교,930.0,45.0,744.0,1,0
2025.0,충남,기존,한국전통문화대학교,930.0,36.0,744.0,0,0
2025.0,충남,기존,한국전통문화대학교,930.0,52.0,744.0,0,0
2025.0,충남,기존,한국전통문화대학교,930.0,44.0,744.0,0,0
2025.0,충남,기존,한국전통문화대학교,930.0,18.0,744.0,0,0
2025.0,충남,기존,한국전통문화대학교,930.0,32.0,744.0,3,0
2025.0,충남,기존,한국전통문화대학교,930.0,56.0,744.0,1,0
2025.0,충남,기존,한국전통문화대학교,930.0,90.0,744.0,3,0
2025.0,서울,기존,한국체육대학교,2564.0,490.0,960.0,0,0
2025.0,대전,기존,한국침례신학대학교,1329.0,66.0,625.0,1,0
2025.0,대전,기존,한국침례신학대학교,1329.0,88.0,625.0,0,0
2025.0,대전,기존,한국침례신학대학교,1329.0,103.0,625.0,4,0
2025.0,경기,기존,한국항공대학교,4653.0,208.0,761.0,145,1
2025.0,경기,기존,한국항공대학교,4653.0,31.0,761.0,0,0
2025.0,대전,기존,한남대학교,12058.0,40.0,1544.0,11,61
2025.0,대전,기존,한남대학교,12058.0,39.0,1544.0,0,0
2025.0,대전,기존,한남대학교,12058.0,90.0,1544.0,0,0
2025.0,대전,기존,한남대학교,12058.0,46.0,1544.0,1,125
2025.0,대전,기존,한남대학교,12058.0,21.0,1544.0,0,62
2025.0,대전,기존,한남대학교,12058.0,46.0,1544.0,44,13
2025.0,대전,기존,한남대학교,12058.0,22.0,1544.0,0,0
2025.0,대전,기존,한남대학교,12058.0,132.0,1544.0,0,0
2025.0,경북,기존,한동대학교,4163.0,70.0,3374.0,101,0
2025.0,경북,기존,한동대학교,4163.0,149.0,3374.0,8,0
2025.0,경북,기존,한동대학교,4163.0,136.0,3374.0,13,0
2025.0,경북,기존,한동대학교,4163.0,115.0,3374.0,4,0
2025.0,경북,기존,한동대학교,4163.0,113.0,3374.0,5,0
2025.0,경북,기존,한동대학교,4163.0,169.0,3374.0,13,0
2025.0,경북,기존,한동대학교,4163.0,170.0,3374.0,17,0
2025.0,경북,기존,한동대학교,4163.0,144.0,3374.0,9,0
2025.0,강원,기존,한라대학교,3085.0,313.0,622.0,0,8
2025.0,강원,기존,한림대학교,7943.0,59.0,2627.0,0,0
2025.0,강원,기존,한림대학교,7943.0,494.0,2627.0,17,20
2025.0,강원,기존,한림대학교,7943.0,62.0,2627.0,0,0
2025.0,강원,기존,한림대학교,7943.0,2.0,2627.0,0,0
2025.0,강원,기존,한림대학교,7943.0,62.0,2627.0,2,0
2025.0,강원,기존,한림대학교,7943.0,59.0,2627.0,8,35
2025.0,강원,기존,한림대학교,7943.0,62.0,2627.0,0,0
2025.0,강원,기존,한림대학교,7943.0,233.0,2627.0,14,0
2025.0,강원,기존,한림대학교,7943.0,61.0,2627.0,1,0
2025.0,충남,기존,한서대학교,6477.0,152.0,1904.0,8,22
2025.0,충남,기존,한서대학교,6477.0,271.0,1904.0,0,0
2025.0,충남,기존,한서대학교,6477.0,140.0,1904.0,3,3
2025.0,서울,기존,한성대학교,6828.0,4.0,715.0,0,0
2025.0,서울,기존,한성대학교,6828.0,21.0,715.0,17,0
2025.0,서울,기존,한성대학교,6828.0,24.0,715.0,0,0
2025.0,서울,기존,한성대학교,6828.0,17.0,715.0,0,0
2025.0,서울,기존,한성대학교,6828.0,22.0,715.0,0,0
2025.0,서울,기존,한성대학교,6828.0,26.0,715.0,0,0
2025.0,서울,기존,한성대학교,6828.0,164.0,715.0,9,0
2025.0,서울,기존,한성대학교,6828.0,20.0,715.0,17,0
2025.0,경기,기존,한세대학교,2845.0,38.0,346.0,0,0
2025.0,경기,기존,한세대학교,2845.0,66.0,346.0,119,0
2025.0,경기,기존,한신대학교,5446.0,154.0,776.0,0,29
2025.0,경기,기존,한신대학교,5446.0,51.0,776.0,0,0
2025.0,경기,기존,한신대학교,5446.0,132.0,776.0,1,5
2025.0,경기,기존,한양대학교(ERICA)_분교,12591.0,396.0,2743.0,18,0
2025.0,경기,기존,한양대학교(ERICA)_분교,12591.0,736.0,2743.0,408,59
2025.0,경기,기존,한양대학교(ERICA)_분교,12591.0,271.0,2743.0,103,66
2025.0,서울,기존,한양대학교,22092.0,88.0,3457.0,1,0
2025.0,서울,기존,한양대학교,22092.0,71.0,3457.0,0,0
2025.0,서울,기존,한양대학교,22092.0,181.0,3457.0,88,8
2025.0,서울,기존,한양대학교,22092.0,11.0,3457.0,0,0
2025.0,서울,기존,한양대학교,22092.0,74.0,3457.0,0,0
2025.0,서울,기존,한양대학교,22092.0,197.0,3457.0,0,0
2025.0,서울,기존,한양대학교,22092.0,403.0,3457.0,96,11
2025.0,서울,기존,한양대학교,22092.0,26.0,3457.0,1,17
2025.0,서울,기존,한양대학교,22092.0,249.0,3457.0,0,0
2025.0,서울,기존,한양대학교,22092.0,100.0,3457.0,0,0
2025.0,서울,기존,한양대학교,22092.0,200.0,3457.0,195,124
2025.0,서울,기존,한양대학교,22092.0,11.0,3457.0,0,0
2025.0,전북,기존,한일장신대학교,810.0,22.0,223.0,0,0
2025.0,전북,기존,한일장신대학교,810.0,47.0,223.0,0,0
2025.0,경기,기존,협성대학교,3864.0,49.0,484.0,0,94
2025.0,경기,기존,협성대학교,3864.0,78.0,484.0,0,0
2025.0,광주,기존,호남대학교,6799.0,59.0,1856.0,186,1
2025.0,광주,기존,호남대학교,6799.0,90.0,1856.0,147,52
2025.0,광주,기존,호남대학교,6799.0,50.0,1856.0,69,4
2025.0,광주,기존,호남대학교,6799.0,77.0,1856.0,135,0
2025.0,광주,기존,호남대학교,6799.0,12.0,1856.0,0,0
2025.0,광주,기존,호남대학교,6799.0,23.0,1856.0,37,5
2025.0,광주,기존,호남대학교,6799.0,196.0,1856.0,78,0
2025.0,광주,기존,호남대학교,6799.0,32.0,1856.0,0,0
2025.0,광주,기존,호남신학대학교,620.0,127.0,249.0,1,0
2025.0,충남,기존,호서대학교,13542.0,504.0,3313.0,86,3
2025.0,충남,기존,호서대학교,13542.0,402.0,3313.0,0,0
2025.0,충남,기존,호서대학교,13542.0,75.0,3313.0,0,0
2025.0,충남,기존,호서대학교,13542.0,123.0,3313.0,0,0
2025.0,충남,기존,호서대학교,13542.0,139.0,3313.0,35,20
2025.0,전북,기존,호원대학교,5013.0,171.0,2037.0,0,4
2025.0,전북,기존,호원대학교,5013.0,200.0,2037.0,0,0
2025.0,전북,기존,호원대학교,5013.0,61.0,2037.0,0,0
2025.0,전북,기존,호원대학교,5013.0,146.0,2037.0,6,6
2025.0,서울,기존,홍익대학교,14129.0,551.0,1354.0,26,60
2025.0,서울,기존,홍익대학교,14129.0,10.0,1354.0,0,0
2025.0,서울,기존,홍익대학교,14129.0,118.0,1354.0,1,0
2025.0,세종,기존,홍익대학교_제2캠퍼스,5664.0,304.0,1140.0,4,0
2025.0,세종,기존,홍익대학교_제2캠퍼스,5664.0,86.0,1140.0,2,0
2025.0,경기,기존,화성의과학대학교,533.0,330.0,330.0,1,0
