기준연도,지역,학교,유학생_전체계,전공_인문사회계열,전공_자연과학계열,전공_공학계열,전공_예체능계열,전공_의학계열,언어능력_합계(E),TOPIK_4급이상_충족,영어능력_충족,영어권_국적학생,언어능력_충족비율(%),유학생수_원본,언어비율_원본,유학생수_점수_70,언어능력_점수_30,외국인학생_점수
2025.0,경기,가천대학교,4996,3020,49,346,201,0,1377,1212,165,0,38.1,4996.0,38.1,70.0,11.43,81.43
2025.0,강원,가톨릭관동대학교,157,23,4,3,0,2,12,12,0,0,37.5,157.0,37.5,2.1997598078462772,11.25,13.449759807846277
2025.0,충북,가톨릭꽃동네대학교,2,2,0,0,0,0,2,2,0,0,100.0,2.0,100.0,0.028022417934347475,30.0,30.02802241793435
2025.0,경기,가톨릭대학교,1665,597,113,126,54,0,164,164,0,0,18.4,1665.0,18.4,23.328662930344276,5.52,28.848662930344275
2025.0,서울,가톨릭대학교_제3캠퍼스,9,9,0,0,0,0,3,3,0,0,33.3,9.0,33.3,0.12610088070456366,9.989999999999998,10.116100880704563
2025.0,서울,감리교신학대학교,3,3,0,0,0,0,1,1,0,0,33.3,3.0,33.3,0.042033626901521216,9.989999999999998,10.03203362690152
2025.0,경기,강남대학교,485,238,0,0,61,0,18,2,16,0,6.0,485.0,6.0,6.795436349079263,1.7999999999999998,8.595436349079263
2025.0,서울,강서대학교,706,665,0,0,1,0,561,4,552,5,84.2,706.0,84.2,9.89191353082466,25.26,35.15191353082466
2025.0,강원,강원대학교,1015,671,18,23,19,0,385,78,306,1,52.7,1015.0,52.7,14.221377101681345,15.81,30.031377101681343
2025.0,강원,강원대학교_제2캠퍼스,99,25,16,14,14,0,23,23,0,0,33.3,99.0,33.3,1.3871096877502003,9.989999999999998,11.377109687750199
2025.0,충북,건국대학교(글로컬)_분교,218,94,9,17,84,0,11,11,0,0,5.4,218.0,5.4,3.0544435548438753,1.62,4.674443554843876
2025.0,서울,건국대학교,2228,945,31,220,219,0,752,752,0,0,53.1,2228.0,53.1,31.21697357886309,15.930000000000001,47.14697357886309
2025.0,충남,건양대학교,430,69,11,12,0,0,74,30,44,0,80.4,430.0,80.4,6.024819855884708,24.12,30.14481985588471
2025.0,대전,건양대학교_제2캠퍼스,42,0,19,23,0,0,24,24,0,0,57.1,42.0,57.1,0.588470776621297,17.130000000000003,17.7184707766213
2025.0,대전,건양사이버대학교,13,12,1,0,0,0,0,0,0,0,0.0,13.0,0.0,0.18214571657325862,0.0,0.18214571657325862
2025.0,경기,경기대학교,812,328,3,18,12,0,134,133,1,0,37.1,812.0,37.1,11.377101681345076,11.129999999999999,22.507101681345077
2025.0,서울,경기대학교_제2캠퍼스,294,265,0,0,29,0,140,140,0,0,47.6,294.0,47.6,4.119295436349079,14.280000000000001,18.399295436349078
2025.0,경남,경남대학교,407,201,21,89,30,0,20,20,0,0,5.9,407.0,5.9,5.702562049639711,1.77,7.472562049639711
2025.0,강원,경동대학교,1169,769,0,305,0,0,1044,7,938,99,97.2,1169.0,97.2,16.3791032826261,29.16,45.5391032826261
2025.0,강원,경동대학교_제3캠퍼스,2,0,2,0,0,0,1,1,0,0,50.0,2.0,50.0,0.028022417934347475,15.0,15.028022417934347
2025.0,경기,경동대학교_제4캠퍼스,392,25,2,0,2,0,3,3,0,0,10.3,392.0,10.3,5.492393915132106,3.0900000000000003,8.582393915132107
2025.0,대구,경북대학교,1660,399,95,129,9,0,441,441,0,0,69.8,1660.0,69.8,23.258606885508406,20.939999999999998,44.198606885508404
2025.0,경남,경상국립대학교,335,67,8,15,0,0,48,48,0,0,53.3,335.0,53.3,4.693755004003203,15.989999999999998,20.683755004003203
2025.0,부산,경성대학교,1966,1469,4,301,14,0,1624,48,1571,5,90.8,1966.0,90.8,27.54603682946357,27.24,54.78603682946357
2025.0,경북,경운대학교,909,220,436,49,23,0,130,4,126,0,17.9,909.0,17.9,12.736188951160928,5.37,18.106188951160927
2025.0,인천,경인교육대학교,6,0,0,0,0,0,0,0,0,0,0.0,6.0,0.0,0.08406725380304243,0.0,0.08406725380304243
2025.0,경북,경일대학교,946,428,1,78,36,0,152,61,91,0,28.0,946.0,28.0,13.254603682946357,8.4,21.65460368294636
2025.0,서울,경희대학교,3535,1846,55,138,447,0,1495,1286,197,12,60.1,3535.0,60.1,49.52962369895916,18.03,67.55962369895917
2025.0,서울,경희사이버대학교,229,148,10,69,2,0,0,0,0,0,0.0,229.0,0.0,3.208566853482786,0.0,3.208566853482786
2025.0,대구,계명대학교,3044,1045,25,203,133,0,630,584,46,0,44.8,3044.0,44.8,42.65012009607686,13.439999999999998,56.09012009607686
2025.0,세종,고려대학교(세종)_분교,596,315,72,82,19,0,9,9,0,0,1.8,596.0,1.8,8.35068054443555,0.54,8.89068054443555
2025.0,서울,고려대학교,4471,2217,125,559,28,0,2640,2136,421,83,90.1,4471.0,90.1,62.644115292233785,27.029999999999998,89.67411529223378
2025.0,서울,고려사이버대학교,172,130,0,42,0,0,0,0,0,0,0.0,172.0,0.0,2.409927942353883,0.0,2.409927942353883
2025.0,부산,고신대학교,79,37,4,0,3,0,24,24,0,0,54.5,79.0,54.5,1.1068855084067253,16.35,17.456885508406728
2025.0,광주,광신대학교,115,38,0,0,1,0,6,6,0,0,15.4,115.0,15.4,1.61128903122498,4.62,6.23128903122498
2025.0,서울,광운대학교,1009,602,2,113,2,0,453,434,19,0,63.0,1009.0,63.0,14.137309847878303,18.9,33.037309847878305
2025.0,전남,광주가톨릭대학교,1,1,0,0,0,0,0,0,0,0,0.0,1.0,0.0,0.014011208967173738,0.0,0.014011208967173738
2025.0,광주,광주과학기술원,69,0,18,27,0,0,36,0,35,1,80.0,69.0,80.0,0.9667734187349879,24.0,24.966773418734988
2025.0,광주,광주대학교,692,232,1,20,10,0,77,77,0,0,29.3,692.0,29.3,9.695756605284227,8.79,18.485756605284227
2025.0,광주,광주여자대학교,533,398,44,0,5,0,215,116,99,0,48.1,533.0,48.1,7.4679743795036035,14.430000000000001,21.897974379503605
2025.0,강원,국립강릉원주대학교,299,117,5,6,11,0,82,82,0,0,59.0,299.0,59.0,4.189351481184948,17.7,21.889351481184946
2025.0,강원,국립강릉원주대학교_제2캠퍼스,8,0,1,7,0,0,4,4,0,0,50.0,8.0,50.0,0.1120896717373899,15.0,15.11208967173739
2025.0,경북,국립경국대학교,73,14,0,5,6,0,10,10,0,0,40.0,73.0,40.0,1.022818254603683,12.0,13.022818254603683
2025.0,충남,국립공주대학교,307,67,32,20,13,0,44,38,6,0,33.3,307.0,33.3,4.3014411529223375,9.989999999999998,14.291441152922335
2025.0,전북,국립군산대학교,422,162,9,49,90,0,51,51,0,0,16.5,422.0,16.5,5.9127301841473185,4.95,10.862730184147319
2025.0,경북,국립금오공과대학교,30,7,0,14,0,0,6,6,0,0,28.6,30.0,28.6,0.42033626901521215,8.580000000000002,9.000336269015214
2025.0,전남,국립목포대학교,71,41,0,5,1,0,19,19,0,0,40.4,71.0,40.4,0.9947958366693355,12.12,13.114795836669334
2025.0,전남,국립목포해양대학교,154,0,0,9,0,0,1,1,0,0,11.1,154.0,11.1,2.157726180944756,3.33,5.487726180944756
2025.0,부산,국립부경대학교,1115,614,37,31,11,0,410,410,0,0,59.2,1115.0,59.2,15.62249799839872,17.76,33.38249799839872
2025.0,전남,국립순천대학교,261,97,23,27,10,0,65,65,0,0,41.4,261.0,41.4,3.6569255404323457,12.42,16.076925540432345
2025.0,경남,국립창원대학교,277,119,3,4,2,0,71,71,0,0,55.5,277.0,55.5,3.881104883907126,16.650000000000002,20.531104883907126
2025.0,충북,국립한국교통대학교,113,25,2,6,2,0,12,12,0,0,34.3,113.0,34.3,1.5832666132906326,10.29,11.873266613290632
2025.0,부산,국립한국해양대학교,241,10,4,76,0,0,78,7,71,0,86.7,241.0,86.7,3.3767013610888714,26.009999999999998,29.386701361088868
2025.0,대전,국립한밭대학교,305,50,0,15,9,0,38,38,0,0,51.4,305.0,51.4,4.273418734987991,15.42,19.69341873498799
2025.0,서울,국민대학교,1533,785,37,176,132,0,534,507,26,1,47.3,1533.0,47.3,21.479183346677342,14.19,35.66918334667734
2025.0,경기,국제사이버대학교,9,8,0,0,1,0,0,0,0,0,0.0,9.0,0.0,0.12610088070456366,0.0,0.12610088070456366
2025.0,충북,극동대학교,806,620,4,144,4,0,669,9,615,45,86.7,806.0,86.7,11.293034427542034,26.009999999999998,37.30303442754203
2025.0,충남,글로벌사이버대학교,168,17,0,147,4,0,0,0,0,0,0.0,168.0,0.0,2.353883106485188,0.0,2.353883106485188
2025.0,경북,김천대학교,466,167,26,35,0,0,36,36,0,0,15.8,466.0,15.8,6.529223378702962,4.74,11.269223378702963
2025.0,충남,나사렛대학교,413,116,7,0,15,0,35,26,7,2,25.4,413.0,25.4,5.786629303442754,7.62,13.406629303442754
2025.0,광주,남부대학교,231,66,5,13,2,0,23,23,0,0,26.7,231.0,26.7,3.236589271417134,8.01,11.246589271417134
2025.0,충남,남서울대학교,1544,657,37,34,14,0,176,133,43,0,23.7,1544.0,23.7,21.633306645316253,7.109999999999999,28.743306645316252
2025.0,경기,단국대학교,956,329,0,30,354,0,225,183,41,1,31.6,956.0,31.6,13.394715772618094,9.48,22.874715772618096
2025.0,충남,단국대학교_제2캠퍼스,147,30,18,0,48,0,39,39,0,0,40.6,147.0,40.6,2.0596477181745394,12.180000000000001,14.239647718174542
2025.0,경북,대구가톨릭대학교,1178,323,390,94,95,0,68,30,38,0,7.5,1178.0,7.5,16.505204163330664,2.25,18.755204163330664
2025.0,대구,대구경북과학기술원,15,0,15,0,0,0,14,0,13,1,93.3,15.0,93.3,0.21016813450760607,27.99,28.200168134507603
2025.0,대구,대구교육대학교,2,0,0,0,0,0,0,0,0,0,0.0,2.0,0.0,0.028022417934347475,0.0,0.028022417934347475
2025.0,경북,대구대학교,1660,1175,19,159,93,0,194,194,0,0,13.4,1660.0,13.4,23.258606885508406,4.0200000000000005,27.278606885508406
2025.0,경북,대구사이버대학교,31,15,9,7,0,0,0,0,0,0,0.0,31.0,0.0,0.43434747798238593,0.0,0.43434747798238593
2025.0,경북,대구예술대학교,227,82,0,0,14,0,71,1,70,0,74.0,227.0,74.0,3.1805444355484385,22.2,25.380544435548437
2025.0,경북,대구한의대학교,1637,1098,171,24,4,0,222,158,64,0,17.1,1637.0,17.1,22.93634907926341,5.130000000000001,28.06634907926341
2025.0,경북,대신대학교,950,577,0,0,274,0,83,17,66,0,9.8,950.0,9.8,13.310648518815052,2.94,16.25064851881505
2025.0,세종,대전가톨릭대학교,1,1,0,0,0,0,1,1,0,0,100.0,1.0,100.0,0.014011208967173738,30.0,30.014011208967172
2025.0,대전,대전대학교,356,195,32,23,4,1,70,70,0,0,27.5,356.0,27.5,4.987990392313851,8.25,13.23799039231385
2025.0,경기,대진대학교,1104,1001,4,16,55,0,485,30,455,0,45.1,1104.0,45.1,15.468374699759806,13.530000000000001,28.998374699759808
2025.0,서울,덕성여자대학교,571,140,2,10,5,0,97,97,0,0,61.8,571.0,61.8,8.000400320256205,18.54,26.540400320256204
2025.0,경북,동국대학교(WISE)_분교,420,269,5,11,81,9,22,22,0,0,5.9,420.0,5.9,5.88470776621297,1.77,7.6547077662129706
2025.0,서울,동국대학교,2691,902,7,66,205,0,679,679,0,0,57.5,2691.0,57.5,37.704163330664535,17.25,54.954163330664535
2025.0,서울,동덕여자대학교,56,31,5,0,19,0,7,7,0,0,12.7,56.0,12.7,0.7846277021617293,3.81,4.59462770216173
2025.0,부산,동명대학교,1056,600,3,354,45,0,794,50,743,1,79.2,1056.0,79.2,14.795836669335468,23.76,38.55583666933547
2025.0,부산,동서대학교,1497,252,2,66,41,0,232,57,174,1,64.3,1497.0,64.3,20.974779823859084,19.29,40.26477982385909
2025.0,전남,동신대학교,989,647,11,110,19,0,604,82,522,0,76.7,989.0,76.7,13.857085668534827,23.01,36.86708566853483
2025.0,부산,동아대학교,1676,464,17,40,9,0,307,178,129,0,57.9,1676.0,57.9,23.482786228983187,17.369999999999997,40.852786228983184
2025.0,경북,동양대학교,725,385,0,30,1,0,121,21,100,0,29.1,725.0,29.1,10.158126501200961,8.73,18.88812650120096
2025.0,부산,동의대학교,586,309,3,222,7,0,493,51,442,0,91.1,586.0,91.1,8.210568454763811,27.33,35.54056845476381
2025.0,서울,디지털서울문화예술대학교,34,26,0,0,8,0,0,0,0,0,0.0,34.0,0.0,0.4763811048839071,0.0,0.4763811048839071
2025.0,경기,명지대학교,301,0,5,41,110,0,72,41,31,0,46.2,301.0,46.2,4.217373899119296,13.860000000000001,18.077373899119298
2025.0,서울,명지대학교_제2캠퍼스,2127,1190,7,7,0,0,476,476,0,0,39.5,2127.0,39.5,29.80184147317854,11.850000000000001,41.65184147317854
2025.0,대전,목원대학교,1494,539,11,22,23,0,183,183,0,0,30.8,1494.0,30.8,20.932746196957567,9.24,30.17274619695757
2025.0,대전,배재대학교,1131,228,22,29,26,0,89,89,0,0,29.2,1131.0,29.2,15.846677341873498,8.76,24.6066773418735
2025.0,충남,백석대학교,469,158,96,0,70,0,173,39,134,0,53.4,469.0,53.4,6.571257005604484,16.02,22.591257005604483
2025.0,부산,부산가톨릭대학교,614,494,3,9,0,0,48,48,0,0,9.5,614.0,9.5,8.602882305844675,2.85,11.452882305844675
2025.0,부산,부산대학교,1134,281,76,161,76,0,515,403,111,1,86.7,1134.0,86.7,15.88871096877502,26.009999999999998,41.89871096877502
2025.0,부산,부산디지털대학교,48,48,0,0,0,0,0,0,0,0,0.0,48.0,0.0,0.6725380304243395,0.0,0.6725380304243395
2025.0,부산,부산외국어대학교,1192,768,0,36,6,0,185,185,0,0,22.8,1192.0,22.8,16.7013610888711,6.84,23.5413610888711
2025.0,서울,사이버한국외국어대학교,312,312,0,0,0,0,0,0,0,0,0.0,312.0,0.0,4.371497197758207,0.0,4.371497197758207
2025.0,서울,삼육대학교,361,148,23,5,11,0,141,47,93,1,75.4,361.0,75.4,5.05804643714972,22.62,27.67804643714972
2025.0,서울,상명대학교,194,107,14,4,27,0,35,34,0,1,23.0,194.0,23.0,2.7181745396317054,6.9,9.618174539631706
2025.0,충남,상명대학교_제2캠퍼스,45,6,0,3,22,0,6,6,0,0,19.4,45.0,19.4,0.6305044035228182,5.819999999999999,6.450504403522817
2025.0,강원,상지대학교,75,49,16,4,0,0,11,11,0,0,15.9,75.0,15.9,1.0508406725380304,4.7700000000000005,5.820840672538031
2025.0,서울,서강대학교,2021,806,14,90,0,0,507,423,76,8,55.7,2021.0,55.7,28.316653322658123,16.71,45.02665332265812
2025.0,서울,서경대학교,1077,64,0,0,624,0,310,310,0,0,45.1,1077.0,45.1,15.090072057646116,13.530000000000001,28.62007205764612
2025.0,서울,서울과학기술대학교,1129,257,12,231,72,0,483,483,0,0,84.4,1129.0,84.4,15.818654923939151,25.320000000000004,41.13865492393916
2025.0,서울,서울교육대학교,6,0,0,0,0,0,0,0,0,0,0.0,6.0,0.0,0.08406725380304243,0.0,0.08406725380304243
2025.0,서울,서울기독대학교,838,533,305,0,0,0,659,0,659,0,78.6,838.0,78.6,11.741393114491594,23.58,35.32139311449159
2025.0,서울,서울대학교,1383,77,28,64,11,0,83,83,0,0,46.1,1383.0,46.1,19.377502001601282,13.83,33.207502001601284
2025.0,서울,서울디지털대학교,62,29,0,11,22,0,0,0,0,0,0.0,62.0,0.0,0.8686949559647719,0.0,0.8686949559647719
2025.0,서울,서울사이버대학교,62,41,1,12,8,0,0,0,0,0,0.0,62.0,0.0,0.8686949559647719,0.0,0.8686949559647719
2025.0,서울,서울시립대학교,725,185,9,48,9,0,239,239,0,0,95.2,725.0,95.2,10.158126501200961,28.560000000000002,38.71812650120096
2025.0,경기,서울신학대학교,407,11,0,1,2,0,7,7,0,0,50.0,407.0,50.0,5.702562049639711,15.0,20.70256204963971
2025.0,서울,서울여자대학교,1131,601,86,0,17,0,240,240,0,0,34.1,1131.0,34.1,15.846677341873498,10.23,26.0766773418735
2025.0,경기,서울장신대학교,42,42,0,0,0,0,42,2,40,0,100.0,42.0,100.0,0.588470776621297,30.0,30.588470776621296
2025.0,서울,서울한영대학교,308,226,0,0,0,0,76,3,71,2,33.6,308.0,33.6,4.315452361889512,10.08,14.395452361889511
2025.0,충북,서원대학교,1001,923,2,3,5,0,113,32,81,0,12.1,1001.0,12.1,14.025220176140913,3.63,17.65522017614091
2025.0,충남,선문대학교,2200,917,33,158,59,0,701,443,254,4,60.1,2200.0,60.1,30.824659727782226,18.03,48.85465972778223
2025.0,경기,성결대학교,388,33,0,1,13,0,32,32,0,0,68.1,388.0,68.1,5.436349079263411,20.43,25.86634907926341
2025.0,서울,성공회대학교,275,223,0,1,0,0,78,6,72,0,34.8,275.0,34.8,3.8530824659727783,10.44,14.293082465972777
2025.0,서울,성균관대학교,3911,1739,58,287,186,0,2064,1942,45,77,90.9,3911.0,90.9,54.797838270616495,27.27,82.06783827061649
2025.0,서울,성신여자대학교,890,53,13,10,65,0,113,98,15,0,80.1,890.0,80.1,12.469975980784628,24.029999999999998,36.499975980784626
2025.0,충북,세명대학교,237,31,15,3,12,0,41,41,0,0,67.2,237.0,67.2,3.320656525220176,20.16,23.480656525220176
2025.0,서울,세종대학교,2844,873,1,526,230,0,1212,282,901,29,74.4,2844.0,74.4,39.847878302642116,22.320000000000004,62.16787830264212
2025.0,서울,세종사이버대학교,134,70,2,54,8,0,0,0,0,0,0.0,134.0,0.0,1.8775020016012811,0.0,1.8775020016012811
2025.0,전남,세한대학교,62,46,1,1,14,0,2,2,0,0,3.2,62.0,3.2,0.8686949559647719,0.96,1.8286949559647718
2025.0,광주,송원대학교,400,217,0,3,8,0,46,46,0,0,20.2,400.0,20.2,5.604483586869495,6.06,11.664483586869494
2025.0,경기,수원가톨릭대학교,1,1,0,0,0,0,1,1,0,0,100.0,1.0,100.0,0.014011208967173738,30.0,30.014011208967172
2025.0,경기,수원대학교,73,11,0,0,3,0,5,5,0,0,35.7,73.0,35.7,1.022818254603683,10.71,11.732818254603684
2025.0,서울,숙명여자대학교,520,120,10,3,27,0,95,69,26,0,59.4,520.0,59.4,7.285828662930345,17.82,25.105828662930346
2025.0,충남,순천향대학교,675,430,12,117,5,0,291,171,120,0,51.6,675.0,51.6,9.457566052842274,15.48,24.937566052842275
2025.0,서울,숭실대학교,2479,1549,3,182,18,0,1144,1144,0,0,65.3,2479.0,65.3,34.7337870296237,19.59,54.3237870296237
2025.0,서울,숭실사이버대학교,98,95,0,3,0,0,0,0,0,0,0.0,98.0,0.0,1.3730984787830265,0.0,1.3730984787830265
2025.0,경북,신경주대학교,168,97,0,0,3,0,96,2,94,0,96.0,168.0,96.0,2.353883106485188,28.799999999999997,31.153883106485186
2025.0,부산,신라대학교,1093,332,20,228,41,0,156,85,61,10,25.1,1093.0,25.1,15.314251401120897,7.53,22.844251401120896
2025.0,경기,신한대학교,10,4,0,4,0,0,2,2,0,0,25.0,10.0,25.0,0.14011208967173738,7.5,7.640112089671737
2025.0,경기,신한대학교_제2캠퍼스,1127,433,104,98,83,0,87,87,0,0,12.1,1127.0,12.1,15.790632506004805,3.63,19.420632506004804
2025.0,경기,아신대학교,2,2,0,0,0,0,0,0,0,0,0.0,2.0,0.0,0.028022417934347475,0.0,0.028022417934347475
2025.0,경기,아주대학교,2411,541,9,387,0,0,533,524,9,0,56.9,2411.0,56.9,33.78102481985589,17.07,50.85102481985589
2025.0,경기,안양대학교,16,5,0,3,2,0,3,3,0,0,30.0,16.0,30.0,0.2241793434747798,9.0,9.22417934347478
2025.0,강원,연세대학교(미래)_분교,622,487,33,14,0,9,94,93,0,1,17.3,622.0,17.3,8.714971977582065,5.19,13.904971977582065
2025.0,서울,연세대학교,4740,1772,153,252,1,5,1319,854,317,148,60.4,4740.0,60.4,66.41313050440353,18.12,84.53313050440353
2025.0,경북,영남대학교,1439,576,41,142,75,0,177,177,0,0,21.2,1439.0,21.2,20.16212970376301,6.359999999999999,26.52212970376301
2025.0,경북,영남신학대학교,28,17,0,0,0,0,1,1,0,0,5.9,28.0,5.9,0.39231385108086464,1.77,2.1623138510808646
2025.0,경남,영산대학교(양산)_제2캠퍼스,98,1,10,87,0,0,31,0,31,0,31.6,98.0,31.6,1.3730984787830265,9.48,10.853098478783027
2025.0,부산,영산대학교(해운대),842,498,50,0,60,0,407,33,374,0,66.9,842.0,66.9,11.797437950360287,20.07,31.867437950360287
2025.0,전남,영산선학대학교,2,2,0,0,0,0,2,2,0,0,100.0,2.0,100.0,0.028022417934347475,30.0,30.02802241793435
2025.0,전북,예원예술대학교,104,0,0,0,90,0,22,16,5,1,24.4,104.0,24.4,1.457165732586069,7.32,8.77716573258607
2025.0,경기,예원예술대학교_제2캠퍼스,309,270,0,0,14,0,272,4,267,1,95.8,309.0,95.8,4.329463570856685,28.74,33.06946357085668
2025.0,경기,용인대학교,138,9,5,0,21,0,31,31,0,0,88.6,138.0,88.6,1.9335468374699758,26.58,28.513546837469974
2025.0,전북,우석대학교,1111,719,58,45,43,3,50,50,0,0,5.8,1111.0,5.8,15.566453162530022,1.7399999999999998,17.306453162530023
2025.0,대전,우송대학교,2302,1388,2,381,237,0,1101,22,888,191,54.8,2302.0,54.8,32.253803042433944,16.439999999999998,48.69380304243394
2025.0,울산,울산과학기술원,84,9,2,51,0,0,60,0,54,6,96.8,84.0,96.8,1.176941553242594,29.04,30.21694155324259
2025.0,울산,울산대학교,257,78,2,14,12,0,45,44,1,0,42.5,257.0,42.5,3.600880704563651,12.75,16.35088070456365
2025.0,전북,원광대학교,132,39,11,4,8,1,8,8,0,0,12.7,132.0,12.7,1.8494795836669335,3.81,5.659479583666934
2025.0,전북,원광디지털대학교,54,21,8,0,25,0,0,0,0,0,0.0,54.0,0.0,0.7566052842273819,0.0,0.7566052842273819
2025.0,경북,위덕대학교,93,40,1,2,0,0,32,32,0,0,74.4,93.0,74.4,1.3030424339471578,22.320000000000004,23.623042433947163
2025.0,충북,유원대학교,185,33,5,0,1,0,10,10,0,0,25.6,185.0,25.6,2.592073658927142,7.68,10.272073658927141
2025.0,대전,을지대학교,2,0,0,0,0,2,2,2,0,0,100.0,2.0,100.0,0.028022417934347475,30.0,30.02802241793435
2025.0,경기,을지대학교_제2캠퍼스,18,2,7,0,0,0,4,4,0,0,44.4,18.0,44.4,0.2522017614091273,13.32,13.572201761409127
2025.0,경기,을지대학교_제3캠퍼스,1,0,1,0,0,0,1,1,0,0,100.0,1.0,100.0,0.014011208967173738,30.0,30.014011208967172
2025.0,서울,이화여자대학교,2089,1128,49,63,104,0,804,729,68,7,59.8,2089.0,59.8,29.269415532425942,17.939999999999998,47.209415532425936
2025.0,경남,인제대학교,893,211,8,32,6,0,143,121,22,0,55.6,893.0,55.6,12.51200960768615,16.68,29.19200960768615
2025.0,인천,인천가톨릭대학교,6,6,0,0,0,0,2,2,0,0,33.3,6.0,33.3,0.08406725380304243,9.989999999999998,10.07406725380304
2025.0,인천,인천가톨릭대학교_제2캠퍼스,1,0,0,0,1,0,0,0,0,0,0.0,1.0,0.0,0.014011208967173738,0.0,0.014011208967173738
2025.0,인천,인천대학교,430,172,9,18,11,0,178,96,82,0,84.8,430.0,84.8,6.024819855884708,25.439999999999998,31.464819855884706
2025.0,인천,인하대학교,1954,745,27,305,15,1,765,263,502,0,70.0,1954.0,70.0,27.377902321857484,21.0,48.37790232185748
2025.0,서울,장로회신학대학교,5,4,0,0,1,0,2,2,0,0,40.0,5.0,40.0,0.07005604483586869,12.0,12.07005604483587
2025.0,광주,전남대학교,960,158,36,50,10,0,132,76,56,0,52.0,960.0,52.0,13.450760608486789,15.600000000000001,29.05076060848679
2025.0,전남,전남대학교_제2캠퍼스,149,112,5,27,0,0,84,10,74,0,58.3,149.0,58.3,2.0876701361088874,17.49,19.577670136108885
2025.0,전북,전북대학교,1112,323,34,223,25,0,443,192,249,2,73.2,1112.0,73.2,15.580464371497198,21.96,37.5404643714972
2025.0,전북,전주대학교,245,167,13,28,26,0,100,95,4,1,42.7,245.0,42.7,3.432746196957566,12.810000000000002,16.24274619695757
2025.0,제주,제주국제대학교,208,120,0,0,44,0,80,6,74,0,48.8,208.0,48.8,2.914331465172138,14.64,17.55433146517214
2025.0,제주,제주대학교,331,101,36,11,7,0,99,99,0,0,63.9,331.0,63.9,4.637710168134508,19.17,23.80771016813451
2025.0,광주,조선대학교,295,121,8,35,30,0,71,71,0,0,36.6,295.0,36.6,4.133306645316253,10.98,15.113306645316253
2025.0,충남,중부대학교,971,667,22,18,41,0,571,38,533,0,76.3,971.0,76.3,13.604883907125702,22.89,36.494883907125704
2025.0,서울,중앙대학교,4257,1898,32,286,12,5,1442,1435,6,1,64.6,4257.0,64.6,59.64571657325861,19.379999999999995,79.0257165732586
2025.0,경기,중앙대학교_제2캠퍼스,678,0,14,6,598,0,292,292,0,0,47.2,678.0,47.2,9.499599679743795,14.16,23.659599679743796
2025.0,경기,중앙승가대학교,4,4,0,0,0,0,0,0,0,0,0.0,4.0,0.0,0.05604483586869495,0.0,0.05604483586869495
2025.0,충북,중원대학교,172,68,5,4,77,0,57,14,43,0,37.0,172.0,37.0,2.409927942353883,11.1,13.509927942353883
2025.0,경기,차의과학대학교,29,29,0,0,0,0,29,0,29,0,100.0,29.0,100.0,0.4063250600480384,30.0,30.40632506004804
2025.0,경남,창신대학교,229,103,3,52,0,0,10,10,0,0,6.3,229.0,6.3,3.208566853482786,1.8900000000000001,5.098566853482787
2025.0,충남,청운대학교,458,268,2,65,15,0,63,44,19,0,18.0,458.0,18.0,6.417133706965572,5.3999999999999995,11.81713370696557
2025.0,충북,청주대학교,1952,851,2,582,281,0,41,41,0,0,2.4,1952.0,2.4,27.34987990392314,0.72,28.069879903923137
2025.0,전남,초당대학교,349,177,12,68,13,0,52,46,6,0,19.3,349.0,19.3,4.889911929543635,5.79,10.679911929543636
2025.0,서울,총신대학교,7,7,0,0,0,0,5,5,0,0,71.4,7.0,71.4,0.09807846277021616,21.42,21.51807846277022
2025.0,서울,추계예술대학교,45,9,0,0,36,0,0,0,0,0,0.0,45.0,0.0,0.6305044035228182,0.0,0.6305044035228182
2025.0,대전,충남대학교,674,231,31,30,6,1,205,138,64,3,68.6,674.0,68.6,9.443554843875098,20.58,30.023554843875097
2025.0,충북,충북대학교,826,267,40,80,4,1,201,201,0,0,51.3,826.0,51.3,11.573258606885508,15.39,26.96325860688551
2025.0,경기,칼빈대학교,1940,1777,79,0,0,0,580,64,505,11,31.3,1940.0,31.3,27.18174539631705,9.39,36.571745396317056
2025.0,서울,태재대학교,13,11,0,2,0,0,0,0,0,0,0.0,13.0,0.0,0.18214571657325862,0.0,0.18214571657325862
2025.0,경기,평택대학교,149,39,1,0,2,0,41,9,32,0,97.6,149.0,97.6,2.0876701361088874,29.28,31.367670136108888
2025.0,경북,포항공과대학교,47,0,0,0,0,0,0,0,0,0,0.0,47.0,0.0,0.6585268214571658,0.0,0.6585268214571658
2025.0,경기,한경국립대학교,245,55,9,10,4,0,16,16,0,0,20.5,245.0,20.5,3.432746196957566,6.1499999999999995,9.582746196957565
2025.0,경기,한국공학대학교,529,21,0,194,0,0,66,66,0,0,30.7,529.0,30.7,7.411929543634908,9.209999999999999,16.621929543634906
2025.0,대전,한국과학기술원,481,20,34,337,0,0,9,9,0,0,2.3,481.0,2.3,6.739391513210569,0.69,7.429391513210568
2025.0,충북,한국교원대학교,2,0,0,0,0,0,0,0,0,0,0.0,2.0,0.0,0.028022417934347475,0.0,0.028022417934347475
2025.0,충남,한국기술교육대학교,75,2,0,24,0,0,23,23,0,0,88.5,75.0,88.5,1.0508406725380304,26.55,27.60084067253803
2025.0,서울,한국방송통신대학교,432,356,70,4,2,0,0,0,0,0,0.0,432.0,0.0,6.0528422738190555,0.0,6.0528422738190555
2025.0,서울,한국성서대학교,113,10,0,10,0,0,6,6,0,0,30.0,113.0,30.0,1.5832666132906326,9.0,10.583266613290633
2025.0,서울,한국열린사이버대학교,30,10,12,8,0,0,0,0,0,0,0.0,30.0,0.0,0.42033626901521215,0.0,0.42033626901521215
2025.0,서울,한국예술종합학교,86,0,0,0,55,0,37,37,0,0,67.3,86.0,67.3,1.2049639711769415,20.189999999999998,21.39496397117694
2025.0,서울,한국외국어대학교,2949,2145,2,26,0,0,846,680,157,9,38.9,2949.0,38.9,41.319055244195354,11.67,52.989055244195356
2025.0,충남,한국전통문화대학교,4,0,0,1,3,0,0,0,0,0,0.0,4.0,0.0,0.05604483586869495,0.0,0.05604483586869495
2025.0,서울,한국체육대학교,11,0,0,0,11,0,10,10,0,0,90.9,11.0,90.9,0.15412329863891114,27.27,27.42412329863891
2025.0,대전,한국침례신학대학교,4,2,0,0,2,0,0,0,0,0,0.0,4.0,0.0,0.05604483586869495,0.0,0.05604483586869495
2025.0,경기,한국항공대학교,194,131,43,17,0,0,108,47,61,0,56.5,194.0,56.5,2.7181745396317054,16.95,19.668174539631703
2025.0,대전,한남대학교,1599,505,7,67,26,0,218,183,35,0,36.0,1599.0,36.0,22.40392313851081,10.799999999999999,33.20392313851081
2025.0,경북,한동대학교,177,109,4,26,0,0,66,9,28,29,47.5,177.0,47.5,2.4799839871897515,14.25,16.72998398718975
2025.0,강원,한라대학교,196,157,0,15,7,0,47,16,31,0,26.3,196.0,26.3,2.746196957566053,7.890000000000001,10.636196957566053
2025.0,강원,한림대학교,168,107,0,5,1,0,28,21,7,0,24.8,168.0,24.8,2.353883106485188,7.4399999999999995,9.793883106485188
2025.0,충남,한서대학교,205,64,12,3,40,0,39,39,0,0,32.8,205.0,32.8,2.8722978382706166,9.839999999999998,12.712297838270615
2025.0,서울,한성대학교,506,113,0,2,148,0,187,187,0,0,71.1,506.0,71.1,7.089671737389912,21.33,28.419671737389912
2025.0,경기,한세대학교,22,8,0,0,6,0,5,5,0,0,35.7,22.0,35.7,0.3082465972778223,10.71,11.018246597277823
2025.0,경기,한신대학교,242,172,0,6,0,0,44,44,0,0,24.7,242.0,24.7,3.3907125700560448,7.41,10.800712570056046
2025.0,경기,한양대학교(ERICA)_분교,2503,1087,39,438,532,0,891,853,38,0,42.5,2503.0,42.5,35.07005604483587,12.75,47.82005604483587
2025.0,서울,한양대학교,3988,1274,127,359,352,0,1544,1307,224,13,73.1,3988.0,73.1,55.87670136108887,21.93,77.80670136108887
2025.0,서울,한양사이버대학교,151,64,0,16,11,0,7,7,0,0,7.7,151.0,7.7,2.1156925540432345,2.31,4.425692554043234
2025.0,전북,한일장신대학교,276,46,12,0,0,0,51,2,49,0,87.9,276.0,87.9,3.8670936749399516,26.37,30.237093674939953
2025.0,경기,협성대학교,98,1,0,1,0,0,0,0,0,0,0.0,98.0,0.0,1.3730984787830265,0.0,1.3730984787830265
2025.0,광주,호남대학교,1118,460,10,34,234,0,172,172,0,0,23.3,1118.0,23.3,15.664531625300238,6.99,22.654531625300237
2025.0,광주,호남신학대학교,2,2,0,0,0,0,1,1,0,0,50.0,2.0,50.0,0.028022417934347475,15.0,15.028022417934347
2025.0,충남,호서대학교,504,163,21,22,69,0,134,83,38,13,48.7,504.0,48.7,7.061649319455564,14.610000000000001,21.671649319455565
2025.0,전북,호원대학교,689,288,44,120,51,0,121,121,0,0,24.1,689.0,24.1,9.653722978382707,7.23,16.883722978382707
2025.0,서울,홍익대학교,1394,37,0,34,866,0,706,706,0,0,75.3,1394.0,75.3,19.531625300240194,22.59,42.1216253002402
2025.0,세종,홍익대학교_제2캠퍼스,86,2,0,5,79,0,59,59,0,0,68.6,86.0,68.6,1.2049639711769415,20.58,21.78496397117694
2025.0,경기,화성의과학대학교,1,0,1,0,0,0,1,1,0,0,100.0,1.0,100.0,0.014011208967173738,30.0,30.014011208967172
2025.0,부산,화신사이버대학교,4,4,0,0,0,0,0,0,0,0,0.0,4.0,0.0,0.05604483586869495,0.0,0.05604483586869495
